dataset,method,mode,factor,effective_interval_min,lead_time_hours_mean,lead_time_hours_lo,lead_time_hours_hi,n_runs
FEMTO,One-Class SVM (nu=0.05),aggregate,1,0.17,0.950462962962963,0.6893402777777776,1.297222222222222,6
FEMTO,One-Class SVM (nu=0.05),aggregate,2,1.0,1.0185185185185188,0.6388888888888888,1.5372916666666654,6
FEMTO,One-Class SVM (nu=0.05),aggregate,5,1.0,1.0324074074074074,0.7009027777777777,1.514814814814815,6
FEMTO,One-Class SVM (nu=0.05),aggregate,10,2.0,1.1018518518518519,0.7277777777777779,1.6555555555555557,6
FEMTO,One-Class SVM (nu=0.05),aggregate,20,3.0,1.0851851851851853,0.8037037037037037,1.4518518518518517,6
FEMTO,One-Class SVM (nu=0.05),decimate,1,0.17,0.950462962962963,0.6833333333333332,1.290289351851852,6
FEMTO,One-Class SVM (nu=0.05),decimate,2,0.33,0.7444444444444445,0.5388888888888889,0.9324074074074072,6
FEMTO,One-Class SVM (nu=0.05),decimate,5,0.83,1.1611111111111112,0.7782407407407407,1.745833333333333,6
FEMTO,One-Class SVM (nu=0.05),decimate,10,1.67,1.1935185185185186,0.7870370370370369,1.663009259259259,6
FEMTO,One-Class SVM (nu=0.05),decimate,20,3.33,1.2722222222222221,0.7916666666666666,1.8925925925925924,6
Ferrara,One-Class SVM (nu=0.05),aggregate,1,0.08,0.9793981481481481,0.5152777777777778,1.4958333333333333,6
Ferrara,One-Class SVM (nu=0.05),aggregate,2,1.0,1.0363425925925926,0.5574074074074075,1.580324074074074,6
Ferrara,One-Class SVM (nu=0.05),aggregate,5,1.0,1.019675925925926,0.5518518518518518,1.5215277777777778,6
Ferrara,One-Class SVM (nu=0.05),aggregate,10,1.0,1.083564814814815,0.55,1.6933333333333305,6
Ferrara,One-Class SVM (nu=0.05),aggregate,20,2.0,1.0641203703703705,0.5650405092592592,1.6354166666666667,6
Ferrara,One-Class SVM (nu=0.05),decimate,1,0.08,0.9793981481481481,0.5277314814814815,1.4780092592592595,6
Ferrara,One-Class SVM (nu=0.05),decimate,2,0.17,0.9650462962962961,0.4453703703703704,1.6122685185185184,6
Ferrara,One-Class SVM (nu=0.05),decimate,5,0.42,1.104398148148148,0.5525462962962963,1.7729166666666665,6
Ferrara,One-Class SVM (nu=0.05),decimate,10,0.83,1.106712962962963,0.5189814814814815,1.8159722222222223,6
Ferrara,One-Class SVM (nu=0.05),decimate,20,1.67,1.0604166666666666,0.5131944444444444,1.6672627314814796,6
IMS,One-Class SVM (nu=0.05),aggregate,1,50.0,180.24962962962965,65.5,316.68333333333334,3
IMS,One-Class SVM (nu=0.05),aggregate,2,100.0,179.24962962962965,65.5,315.85,3
IMS,One-Class SVM (nu=0.05),aggregate,5,250.0,198.49407407407406,63.833333333333336,341.01666666666665,3
IMS,One-Class SVM (nu=0.05),aggregate,10,500.0,201.8051851851852,55.5,395.18333333333334,3
IMS,One-Class SVM (nu=0.05),aggregate,20,1000.0,187.34166666666667,47.166666666666664,327.51666666666665,2
IMS,One-Class SVM (nu=0.05),aggregate,20,1160.0,178.13222222222223,178.13222222222223,178.13222222222223,1
IMS,One-Class SVM (nu=0.05),decimate,1,50.0,180.24962962962965,65.5,316.68333333333334,3
IMS,One-Class SVM (nu=0.05),decimate,2,100.0,181.6385185185185,66.33333333333333,320.01666666666665,3
IMS,One-Class SVM (nu=0.05),decimate,5,250.0,181.19407407407405,67.16666666666667,322.51666666666665,3
IMS,One-Class SVM (nu=0.05),decimate,10,500.0,194.54962962962964,63.0,318.35,3
IMS,One-Class SVM (nu=0.05),decimate,20,1000.0,237.00833333333333,63.0,411.01666666666665,2
IMS,One-Class SVM (nu=0.05),decimate,20,1160.0,177.29888888888888,177.29888888888888,177.29888888888888,1
ONGC,One-Class SVM (nu=0.05),aggregate,1,0.17,35.34444444444444,35.34444444444444,35.34444444444444,1
ONGC,One-Class SVM (nu=0.05),aggregate,2,1.0,35.36666666666667,35.36666666666667,35.36666666666667,1
ONGC,One-Class SVM (nu=0.05),aggregate,5,1.0,35.35,35.35,35.35,1
ONGC,One-Class SVM (nu=0.05),aggregate,10,2.0,35.36666666666667,35.36666666666667,35.36666666666667,1
ONGC,One-Class SVM (nu=0.05),aggregate,20,3.0,35.36666666666667,35.36666666666667,35.36666666666667,1
ONGC,One-Class SVM (nu=0.05),decimate,1,0.17,35.34444444444444,35.34444444444444,35.34444444444444,1
ONGC,One-Class SVM (nu=0.05),decimate,2,0.33,35.33611111111111,35.33611111111111,35.33611111111111,1
ONGC,One-Class SVM (nu=0.05),decimate,5,0.83,35.34444444444444,35.34444444444444,35.34444444444444,1
ONGC,One-Class SVM (nu=0.05),decimate,10,1.67,35.358333333333334,35.358333333333334,35.358333333333334,1
ONGC,One-Class SVM (nu=0.05),decimate,20,3.33,35.358333333333334,35.358333333333334,35.358333333333334,1
XJTU-SY,One-Class SVM (nu=0.05),aggregate,1,1.0,1.4366666666666668,0.8216666666666667,2.098375,10
XJTU-SY,One-Class SVM (nu=0.05),aggregate,2,2.0,1.44,0.8400000000000001,2.1351666666666658,10
XJTU-SY,One-Class SVM (nu=0.05),aggregate,5,5.0,1.4449999999999998,0.8249583333333332,2.1650416666666663,10
XJTU-SY,One-Class SVM (nu=0.05),aggregate,10,10.0,1.7500000000000002,1.0416145833333332,2.5542187499999995,8
XJTU-SY,One-Class SVM (nu=0.05),aggregate,20,20.0,1.8166666666666664,1.0071428571428571,2.7642857142857147,7
XJTU-SY,One-Class SVM (nu=0.05),decimate,1,1.0,1.4366666666666668,0.8400000000000001,2.126708333333333,10
XJTU-SY,One-Class SVM (nu=0.05),decimate,2,2.0,1.4666666666666663,0.8382916666666665,2.183416666666666,10
XJTU-SY,One-Class SVM (nu=0.05),decimate,5,5.0,1.4533333333333331,0.8249583333333333,2.175083333333333,10
XJTU-SY,One-Class SVM (nu=0.05),decimate,10,10.0,1.6666666666666667,1.0393229166666667,2.375052083333333,8
XJTU-SY,One-Class SVM (nu=0.05),decimate,20,20.0,1.8166666666666664,1.0095238095238097,2.714345238095238,7
