dataset,run,gap,short_name,lead,valid
IMS,1st_test,0.0,three_sigma,108.69888888888889,False
IMS,1st_test,0.0,ewma,152.23222222222222,False
IMS,1st_test,0.0,cusum,114.93222222222222,False
IMS,1st_test,0.0,hotelling_t2,152.23222222222222,False
IMS,1st_test,0.0,isolation_forest,152.23222222222222,False
IMS,1st_test,0.0,rms_trend,0.0,False
IMS,1st_test,0.05,three_sigma,108.69888888888889,False
IMS,1st_test,0.05,ewma,152.23222222222222,False
IMS,1st_test,0.05,cusum,114.0988888888889,False
IMS,1st_test,0.05,hotelling_t2,152.23222222222222,False
IMS,1st_test,0.05,isolation_forest,152.23222222222222,False
IMS,1st_test,0.05,rms_trend,0.0,False
IMS,1st_test,0.2,three_sigma,97.89888888888889,False
IMS,1st_test,0.2,ewma,152.23222222222222,False
IMS,1st_test,0.2,cusum,114.93222222222222,False
IMS,1st_test,0.2,hotelling_t2,123.26555555555555,False
IMS,1st_test,0.2,isolation_forest,148.89888888888888,False
IMS,1st_test,0.2,rms_trend,0.0,False
IMS,2nd_test,0.0,three_sigma,56.333333333333336,True
IMS,2nd_test,0.0,ewma,55.5,True
IMS,2nd_test,0.0,cusum,53.0,True
IMS,2nd_test,0.0,hotelling_t2,56.333333333333336,True
IMS,2nd_test,0.0,isolation_forest,49.666666666666664,True
IMS,2nd_test,0.0,rms_trend,0.0,False
IMS,2nd_test,0.05,three_sigma,56.333333333333336,True
IMS,2nd_test,0.05,ewma,55.5,True
IMS,2nd_test,0.05,cusum,53.0,True
IMS,2nd_test,0.05,hotelling_t2,56.333333333333336,True
IMS,2nd_test,0.05,isolation_forest,47.166666666666664,True
IMS,2nd_test,0.05,rms_trend,0.0,False
IMS,2nd_test,0.2,three_sigma,56.333333333333336,True
IMS,2nd_test,0.2,ewma,53.833333333333336,True
IMS,2nd_test,0.2,cusum,48.833333333333336,True
IMS,2nd_test,0.2,hotelling_t2,56.333333333333336,True
IMS,2nd_test,0.2,isolation_forest,47.166666666666664,True
IMS,2nd_test,0.2,rms_trend,0.0,False
IMS,3rd_test,0.0,three_sigma,28.833333333333332,True
IMS,3rd_test,0.0,ewma,28.0,True
IMS,3rd_test,0.0,cusum,26.333333333333332,True
IMS,3rd_test,0.0,hotelling_t2,315.85,True
IMS,3rd_test,0.0,isolation_forest,59.666666666666664,True
IMS,3rd_test,0.0,rms_trend,9.666666666666666,True
IMS,3rd_test,0.05,three_sigma,28.833333333333332,True
IMS,3rd_test,0.05,ewma,28.0,True
IMS,3rd_test,0.05,cusum,26.333333333333332,True
IMS,3rd_test,0.05,hotelling_t2,59.666666666666664,True
IMS,3rd_test,0.05,isolation_forest,59.666666666666664,True
IMS,3rd_test,0.05,rms_trend,9.666666666666666,True
IMS,3rd_test,0.2,three_sigma,28.833333333333332,True
IMS,3rd_test,0.2,ewma,27.166666666666668,True
IMS,3rd_test,0.2,cusum,25.5,True
IMS,3rd_test,0.2,hotelling_t2,59.666666666666664,True
IMS,3rd_test,0.2,isolation_forest,27.166666666666668,True
IMS,3rd_test,0.2,rms_trend,9.666666666666666,True
XJTU-SY,Bearing1_1,0.0,three_sigma,0.8666666666666667,False
XJTU-SY,Bearing1_1,0.0,ewma,0.8666666666666667,False
XJTU-SY,Bearing1_1,0.0,cusum,0.7833333333333333,True
XJTU-SY,Bearing1_1,0.0,hotelling_t2,0.8666666666666667,False
XJTU-SY,Bearing1_1,0.0,isolation_forest,0.0,False
XJTU-SY,Bearing1_1,0.0,rms_trend,0.0,False
XJTU-SY,Bearing1_1,0.05,three_sigma,0.8666666666666667,False
XJTU-SY,Bearing1_1,0.05,ewma,0.7833333333333333,True
XJTU-SY,Bearing1_1,0.05,cusum,0.7833333333333333,True
XJTU-SY,Bearing1_1,0.05,hotelling_t2,0.8666666666666667,False
XJTU-SY,Bearing1_1,0.05,isolation_forest,0.0,False
XJTU-SY,Bearing1_1,0.05,rms_trend,0.0,False
XJTU-SY,Bearing1_1,0.2,three_sigma,0.8666666666666667,False
XJTU-SY,Bearing1_1,0.2,ewma,0.7833333333333333,True
XJTU-SY,Bearing1_1,0.2,cusum,0.7833333333333333,True
XJTU-SY,Bearing1_1,0.2,hotelling_t2,0.8666666666666667,False
XJTU-SY,Bearing1_1,0.2,isolation_forest,0.0,False
XJTU-SY,Bearing1_1,0.2,rms_trend,0.0,False
XJTU-SY,Bearing1_2,0.0,three_sigma,0.0,False
XJTU-SY,Bearing1_2,0.0,ewma,0.6666666666666666,True
XJTU-SY,Bearing1_2,0.0,cusum,0.5833333333333334,True
XJTU-SY,Bearing1_2,0.0,hotelling_t2,1.0833333333333333,False
XJTU-SY,Bearing1_2,0.0,isolation_forest,0.0,False
XJTU-SY,Bearing1_2,0.0,rms_trend,0.0,False
XJTU-SY,Bearing1_2,0.05,three_sigma,0.3333333333333333,True
XJTU-SY,Bearing1_2,0.05,ewma,0.6666666666666666,True
XJTU-SY,Bearing1_2,0.05,cusum,0.5833333333333334,True
XJTU-SY,Bearing1_2,0.05,hotelling_t2,1.0833333333333333,False
XJTU-SY,Bearing1_2,0.05,isolation_forest,0.0,False
XJTU-SY,Bearing1_2,0.05,rms_trend,0.0,False
XJTU-SY,Bearing1_2,0.2,three_sigma,0.3333333333333333,True
XJTU-SY,Bearing1_2,0.2,ewma,0.6666666666666666,True
XJTU-SY,Bearing1_2,0.2,cusum,0.5833333333333334,True
XJTU-SY,Bearing1_2,0.2,hotelling_t2,1.0833333333333333,False
XJTU-SY,Bearing1_2,0.2,isolation_forest,0.3333333333333333,True
XJTU-SY,Bearing1_2,0.2,rms_trend,0.0,False
XJTU-SY,Bearing1_3,0.0,three_sigma,1.0333333333333334,True
XJTU-SY,Bearing1_3,0.0,ewma,1.0333333333333334,True
XJTU-SY,Bearing1_3,0.0,cusum,1.0333333333333334,True
XJTU-SY,Bearing1_3,0.0,hotelling_t2,1.0333333333333334,True
XJTU-SY,Bearing1_3,0.0,isolation_forest,1.0333333333333334,True
XJTU-SY,Bearing1_3,0.0,rms_trend,0.0,False
XJTU-SY,Bearing1_3,0.05,three_sigma,1.0333333333333334,True
XJTU-SY,Bearing1_3,0.05,ewma,1.0333333333333334,True
XJTU-SY,Bearing1_3,0.05,cusum,1.0333333333333334,True
XJTU-SY,Bearing1_3,0.05,hotelling_t2,1.0333333333333334,True
XJTU-SY,Bearing1_3,0.05,isolation_forest,1.0333333333333334,True
XJTU-SY,Bearing1_3,0.05,rms_trend,0.0,False
XJTU-SY,Bearing1_3,0.2,three_sigma,1.0333333333333334,True
XJTU-SY,Bearing1_3,0.2,ewma,1.0333333333333334,True
XJTU-SY,Bearing1_3,0.2,cusum,1.0333333333333334,True
XJTU-SY,Bearing1_3,0.2,hotelling_t2,1.0333333333333334,True
XJTU-SY,Bearing1_3,0.2,isolation_forest,1.0333333333333334,True
XJTU-SY,Bearing1_3,0.2,rms_trend,0.0,False
XJTU-SY,Bearing1_4,0.0,three_sigma,0.6833333333333333,True
XJTU-SY,Bearing1_4,0.0,ewma,0.7666666666666667,False
XJTU-SY,Bearing1_4,0.0,cusum,0.7666666666666667,False
XJTU-SY,Bearing1_4,0.0,hotelling_t2,0.85,False
XJTU-SY,Bearing1_4,0.0,isolation_forest,0.6833333333333333,True
XJTU-SY,Bearing1_4,0.0,rms_trend,0.0,False
XJTU-SY,Bearing1_4,0.05,three_sigma,0.6833333333333333,True
XJTU-SY,Bearing1_4,0.05,ewma,0.7666666666666667,False
XJTU-SY,Bearing1_4,0.05,cusum,0.7666666666666667,False
XJTU-SY,Bearing1_4,0.05,hotelling_t2,0.85,False
XJTU-SY,Bearing1_4,0.05,isolation_forest,0.6833333333333333,True
XJTU-SY,Bearing1_4,0.05,rms_trend,0.0,False
XJTU-SY,Bearing1_4,0.2,three_sigma,0.7666666666666667,False
XJTU-SY,Bearing1_4,0.2,ewma,0.7666666666666667,False
XJTU-SY,Bearing1_4,0.2,cusum,0.7666666666666667,False
XJTU-SY,Bearing1_4,0.2,hotelling_t2,0.7666666666666667,False
XJTU-SY,Bearing1_4,0.2,isolation_forest,0.85,False
XJTU-SY,Bearing1_4,0.2,rms_trend,0.0,False
XJTU-SY,Bearing1_5,0.0,three_sigma,0.35,True
XJTU-SY,Bearing1_5,0.0,ewma,0.35,True
XJTU-SY,Bearing1_5,0.0,cusum,0.35,True
XJTU-SY,Bearing1_5,0.0,hotelling_t2,0.35,True
XJTU-SY,Bearing1_5,0.0,isolation_forest,0.0,False
XJTU-SY,Bearing1_5,0.0,rms_trend,0.0,False
XJTU-SY,Bearing1_5,0.05,three_sigma,0.35,True
XJTU-SY,Bearing1_5,0.05,ewma,0.35,True
XJTU-SY,Bearing1_5,0.05,cusum,0.35,True
XJTU-SY,Bearing1_5,0.05,hotelling_t2,0.35,True
XJTU-SY,Bearing1_5,0.05,isolation_forest,0.0,False
XJTU-SY,Bearing1_5,0.05,rms_trend,0.0,False
XJTU-SY,Bearing1_5,0.2,three_sigma,0.35,True
XJTU-SY,Bearing1_5,0.2,ewma,0.35,True
XJTU-SY,Bearing1_5,0.2,cusum,0.35,True
XJTU-SY,Bearing1_5,0.2,hotelling_t2,0.35,True
XJTU-SY,Bearing1_5,0.2,isolation_forest,0.0,False
XJTU-SY,Bearing1_5,0.2,rms_trend,0.0,False
XJTU-SY,Bearing2_1,0.0,three_sigma,0.6666666666666666,True
XJTU-SY,Bearing2_1,0.0,ewma,0.6666666666666666,True
XJTU-SY,Bearing2_1,0.0,cusum,0.6666666666666666,True
XJTU-SY,Bearing2_1,0.0,hotelling_t2,1.4166666666666667,False
XJTU-SY,Bearing2_1,0.0,isolation_forest,0.6666666666666666,True
XJTU-SY,Bearing2_1,0.0,rms_trend,0.0,False
XJTU-SY,Bearing2_1,0.05,three_sigma,0.6666666666666666,True
XJTU-SY,Bearing2_1,0.05,ewma,0.6666666666666666,True
XJTU-SY,Bearing2_1,0.05,cusum,0.6666666666666666,True
XJTU-SY,Bearing2_1,0.05,hotelling_t2,1.4166666666666667,False
XJTU-SY,Bearing2_1,0.05,isolation_forest,0.6666666666666666,True
XJTU-SY,Bearing2_1,0.05,rms_trend,0.0,False
XJTU-SY,Bearing2_1,0.2,three_sigma,0.6666666666666666,True
XJTU-SY,Bearing2_1,0.2,ewma,0.6666666666666666,True
XJTU-SY,Bearing2_1,0.2,cusum,0.6666666666666666,True
XJTU-SY,Bearing2_1,0.2,hotelling_t2,1.4166666666666667,False
XJTU-SY,Bearing2_1,0.2,isolation_forest,0.6666666666666666,True
XJTU-SY,Bearing2_1,0.2,rms_trend,0.0,False
XJTU-SY,Bearing2_2,0.0,three_sigma,0.0,False
XJTU-SY,Bearing2_2,0.0,ewma,0.9166666666666666,True
XJTU-SY,Bearing2_2,0.0,cusum,0.8333333333333334,True
XJTU-SY,Bearing2_2,0.0,hotelling_t2,1.0833333333333333,True
XJTU-SY,Bearing2_2,0.0,isolation_forest,0.0,False
XJTU-SY,Bearing2_2,0.0,rms_trend,0.0,False
XJTU-SY,Bearing2_2,0.05,three_sigma,0.0,False
XJTU-SY,Bearing2_2,0.05,ewma,0.9166666666666666,True
XJTU-SY,Bearing2_2,0.05,cusum,0.9166666666666666,True
XJTU-SY,Bearing2_2,0.05,hotelling_t2,1.0833333333333333,True
XJTU-SY,Bearing2_2,0.05,isolation_forest,0.0,False
XJTU-SY,Bearing2_2,0.05,rms_trend,0.0,False
XJTU-SY,Bearing2_2,0.2,three_sigma,0.0,False
XJTU-SY,Bearing2_2,0.2,ewma,0.9166666666666666,True
XJTU-SY,Bearing2_2,0.2,cusum,0.8333333333333334,True
XJTU-SY,Bearing2_2,0.2,hotelling_t2,1.0833333333333333,True
XJTU-SY,Bearing2_2,0.2,isolation_forest,0.0,False
XJTU-SY,Bearing2_2,0.2,rms_trend,0.0,False
XJTU-SY,Bearing2_3,0.0,three_sigma,3.533333333333333,False
XJTU-SY,Bearing2_3,0.0,ewma,3.45,True
XJTU-SY,Bearing2_3,0.0,cusum,3.45,True
XJTU-SY,Bearing2_3,0.0,hotelling_t2,3.533333333333333,False
XJTU-SY,Bearing2_3,0.0,isolation_forest,3.533333333333333,False
XJTU-SY,Bearing2_3,0.0,rms_trend,0.0,False
XJTU-SY,Bearing2_3,0.05,three_sigma,3.533333333333333,False
XJTU-SY,Bearing2_3,0.05,ewma,3.533333333333333,False
XJTU-SY,Bearing2_3,0.05,cusum,3.45,True
XJTU-SY,Bearing2_3,0.05,hotelling_t2,3.533333333333333,False
XJTU-SY,Bearing2_3,0.05,isolation_forest,3.533333333333333,False
XJTU-SY,Bearing2_3,0.05,rms_trend,0.0,False
XJTU-SY,Bearing2_3,0.2,three_sigma,3.533333333333333,False
XJTU-SY,Bearing2_3,0.2,ewma,3.533333333333333,False
XJTU-SY,Bearing2_3,0.2,cusum,3.45,True
XJTU-SY,Bearing2_3,0.2,hotelling_t2,3.533333333333333,False
XJTU-SY,Bearing2_3,0.2,isolation_forest,3.533333333333333,False
XJTU-SY,Bearing2_3,0.2,rms_trend,0.36666666666666664,True
XJTU-SY,Bearing2_4,0.0,three_sigma,0.26666666666666666,False
XJTU-SY,Bearing2_4,0.0,ewma,0.26666666666666666,False
XJTU-SY,Bearing2_4,0.0,cusum,0.26666666666666666,False
XJTU-SY,Bearing2_4,0.0,hotelling_t2,0.26666666666666666,False
XJTU-SY,Bearing2_4,0.0,isolation_forest,0.26666666666666666,False
XJTU-SY,Bearing2_4,0.0,rms_trend,0.0,False
XJTU-SY,Bearing2_4,0.05,three_sigma,0.26666666666666666,False
XJTU-SY,Bearing2_4,0.05,ewma,0.26666666666666666,False
XJTU-SY,Bearing2_4,0.05,cusum,0.26666666666666666,False
XJTU-SY,Bearing2_4,0.05,hotelling_t2,0.0,False
XJTU-SY,Bearing2_4,0.05,isolation_forest,0.26666666666666666,False
XJTU-SY,Bearing2_4,0.05,rms_trend,0.0,False
XJTU-SY,Bearing2_4,0.2,three_sigma,0.26666666666666666,False
XJTU-SY,Bearing2_4,0.2,ewma,0.26666666666666666,False
XJTU-SY,Bearing2_4,0.2,cusum,0.26666666666666666,False
XJTU-SY,Bearing2_4,0.2,hotelling_t2,0.0,False
XJTU-SY,Bearing2_4,0.2,isolation_forest,0.26666666666666666,False
XJTU-SY,Bearing2_4,0.2,rms_trend,0.0,False
XJTU-SY,Bearing2_5,0.0,three_sigma,2.3,True
XJTU-SY,Bearing2_5,0.0,ewma,2.3,True
XJTU-SY,Bearing2_5,0.0,cusum,2.3,True
XJTU-SY,Bearing2_5,0.0,hotelling_t2,2.3,True
XJTU-SY,Bearing2_5,0.0,isolation_forest,2.3,True
XJTU-SY,Bearing2_5,0.0,rms_trend,0.0,False
XJTU-SY,Bearing2_5,0.05,three_sigma,2.3,True
XJTU-SY,Bearing2_5,0.05,ewma,2.3,True
XJTU-SY,Bearing2_5,0.05,cusum,2.3,True
XJTU-SY,Bearing2_5,0.05,hotelling_t2,2.3,True
XJTU-SY,Bearing2_5,0.05,isolation_forest,2.3,True
XJTU-SY,Bearing2_5,0.05,rms_trend,0.0,False
XJTU-SY,Bearing2_5,0.2,three_sigma,2.3,True
XJTU-SY,Bearing2_5,0.2,ewma,2.3,True
XJTU-SY,Bearing2_5,0.2,cusum,2.3,True
XJTU-SY,Bearing2_5,0.2,hotelling_t2,2.3,True
XJTU-SY,Bearing2_5,0.2,isolation_forest,2.3,True
XJTU-SY,Bearing2_5,0.2,rms_trend,0.0,False
