dataset,run,seed,method,short_name,mode,factor,effective_interval_min,t_onset,t_fail,max_lead_hours,lead_time_hours,detection_delay_hours,far_preonset_pct,lead_norm,vlt_legacy_hours,far_legacy_pct,valid_alarm,n_test_windows,window_rows,persistence_windows,window_floored,control,onset_method
ONGC,LPC,42,RMS-Trend (kσ),rms_trend,aggregate,1,0.17,2023-11-13 03:44:01,2023-11-13 09:46:00,6.03,22.816388888888888,,0.1421127427759355,3.781896035729085,22.816388888888888,0.0,True,2562,10,3,False,False,terminal
ONGC,LPC,42,3σ Rule (σ=3.0),three_sigma,aggregate,1,0.17,2023-11-13 03:44:01,2023-11-13 09:46:00,6.03,35.24722222222222,,39.27048792041686,5.842350016114922,0.0,52.71317829457365,False,2562,10,3,False,False,terminal
ONGC,LPC,42,"EWMA (λ=0.2, k=3.0)",ewma,aggregate,1,0.17,2023-11-13 03:44:01,2023-11-13 09:46:00,6.03,35.28888888888889,,90.43107531975367,5.849256411436992,0.0,96.89922480620154,False,2562,10,3,False,False,terminal
ONGC,LPC,42,"CUSUM (k=0.5, h=5.0)",cusum,aggregate,1,0.17,2023-11-13 03:44:01,2023-11-13 09:46:00,6.03,33.9275,,95.1681667456182,5.6236014549472815,0.0,20.930232558139537,False,2562,10,3,False,False,terminal
ONGC,LPC,42,Hotelling T²,hotelling_t2,aggregate,1,0.17,2023-11-13 03:44:01,2023-11-13 09:46:00,6.03,30.372222222222224,,6.489815253434392,5.034301763432939,30.372222222222224,0.0,True,2562,10,3,False,False,terminal
ONGC,LPC,42,Isolation Forest,isolation_forest,aggregate,1,0.17,2023-11-13 03:44:01,2023-11-13 09:46:00,6.03,34.88583333333333,,11.747986736144007,5.78244854735485,0.0,12.4031007751938,False,2562,10,3,False,False,terminal
ONGC,LPC,42,Deep SVDD,deep_svdd,aggregate,1,0.17,2023-11-13 03:44:01,2023-11-13 09:46:00,6.03,0.0,,0.0,0.0,0.0,0.0,False,2562,10,3,False,False,terminal
ONGC,LPC,42,LSTM-Autoencoder,lstm_ae,aggregate,1,0.17,2023-11-13 03:44:01,2023-11-13 09:46:00,6.03,34.94166666666667,,93.46281383230696,5.791703117086422,0.0,77.51937984496125,False,2562,10,3,False,False,terminal
ONGC,LPC,42,TCN-Autoencoder,tcn,aggregate,1,0.17,2023-11-13 03:44:01,2023-11-13 09:46:00,6.03,34.94166666666667,,77.59355755566082,5.791703117086422,0.0,77.51937984496125,False,2562,10,3,False,False,terminal
ONGC,LPC,42,Transformer-AD,transformer_ad,aggregate,1,0.17,2023-11-13 03:44:01,2023-11-13 09:46:00,6.03,34.94166666666667,,86.12032212221696,5.791703117086422,0.0,77.51937984496125,False,2562,10,3,False,False,terminal
ONGC,LPC,42,RMS-Trend (kσ),rms_trend,aggregate,2,0.33,2023-11-13 03:44:01,2023-11-13 09:46:00,6.03,22.82777777777778,,0.1895375284306292,3.783783783783784,22.82777777777778,0.0,True,3202,5,4,False,False,terminal
ONGC,LPC,42,3σ Rule (σ=3.0),three_sigma,aggregate,2,0.33,2023-11-13 03:44:01,2023-11-13 09:46:00,6.03,35.26111111111111,,36.315390447308566,5.8446521478889455,0.0,51.5527950310559,False,3202,5,4,False,False,terminal
ONGC,LPC,42,"EWMA (λ=0.2, k=3.0)",ewma,aggregate,2,0.33,2023-11-13 03:44:01,2023-11-13 09:46:00,6.03,35.294444444444444,,88.02122820318424,5.8501772641466,0.0,97.51552795031056,False,3202,5,4,False,False,terminal
ONGC,LPC,42,"CUSUM (k=0.5, h=5.0)",cusum,aggregate,2,0.33,2023-11-13 03:44:01,2023-11-13 09:46:00,6.03,33.861111111111114,,94.95830174374528,5.612597265067453,0.0,17.391304347826086,False,3202,5,4,False,False,terminal
ONGC,LPC,42,Hotelling T²,hotelling_t2,aggregate,2,0.33,2023-11-13 03:44:01,2023-11-13 09:46:00,6.03,23.35,,2.160727824109174,3.8703439384870393,23.35,0.0,True,3202,5,4,False,False,terminal
ONGC,LPC,42,Isolation Forest,isolation_forest,aggregate,2,0.33,2023-11-13 03:44:01,2023-11-13 09:46:00,6.03,35.294444444444444,,16.64139499620925,5.8501772641466,0.0,26.70807453416149,False,3202,5,4,False,False,terminal
ONGC,LPC,42,Deep SVDD,deep_svdd,aggregate,2,0.33,2023-11-13 03:44:01,2023-11-13 09:46:00,6.03,0.0,,0.0,0.0,0.0,0.0,False,3202,5,4,False,False,terminal
ONGC,LPC,42,LSTM-Autoencoder,lstm_ae,aggregate,2,0.33,2023-11-13 03:44:01,2023-11-13 09:46:00,6.03,35.016666666666666,,96.51250947687642,5.804134628666145,0.0,81.98757763975155,False,3202,5,4,False,False,terminal
ONGC,LPC,42,TCN-Autoencoder,tcn,aggregate,2,0.33,2023-11-13 03:44:01,2023-11-13 09:46:00,6.03,35.016666666666666,,82.37300985595148,5.804134628666145,0.0,81.98757763975155,False,3202,5,4,False,False,terminal
ONGC,LPC,42,Transformer-AD,transformer_ad,aggregate,2,0.33,2023-11-13 03:44:01,2023-11-13 09:46:00,6.03,35.33888888888889,,100.0,5.857544085823473,0.0,100.0,False,3202,5,4,False,False,terminal
ONGC,LPC,42,RMS-Trend (kσ),rms_trend,aggregate,5,0.83,2023-11-13 03:44:01,2023-11-13 09:46:00,6.03,22.836111111111112,,0.4737091425864519,3.785165062848198,22.836111111111112,0.0,True,2562,3,2,True,False,terminal
ONGC,LPC,42,3σ Rule (σ=3.0),three_sigma,aggregate,5,0.83,2023-11-13 03:44:01,2023-11-13 09:46:00,6.03,35.35,,49.97631454287068,5.859385791242691,0.0,100.0,False,2562,3,2,True,False,terminal
ONGC,LPC,42,"EWMA (λ=0.2, k=3.0)",ewma,aggregate,5,0.83,2023-11-13 03:44:01,2023-11-13 09:46:00,6.03,35.294444444444444,,88.01515869256276,5.8501772641466,0.0,96.89922480620154,False,2562,3,2,True,False,terminal
ONGC,LPC,42,"CUSUM (k=0.5, h=5.0)",cusum,aggregate,5,0.83,2023-11-13 03:44:01,2023-11-13 09:46:00,6.03,33.85,,94.88394126006632,5.610755559648235,0.0,16.27906976744186,False,2562,3,2,True,False,terminal
ONGC,LPC,42,Hotelling T²,hotelling_t2,aggregate,5,0.83,2023-11-13 03:44:01,2023-11-13 09:46:00,6.03,34.891666666666666,,9.04784462340123,5.7834154426999405,0.0,9.30232558139535,True,2562,3,2,True,False,terminal
ONGC,LPC,42,Isolation Forest,isolation_forest,aggregate,5,0.83,2023-11-13 03:44:01,2023-11-13 09:46:00,6.03,35.35,,33.633349123638084,5.859385791242691,0.0,40.310077519379846,False,2562,3,2,True,False,terminal
ONGC,LPC,42,Deep SVDD,deep_svdd,aggregate,5,0.83,2023-11-13 03:44:01,2023-11-13 09:46:00,6.03,0.0,6.196944444444444,0.0,0.0,0.0,0.0,False,2562,3,2,True,False,terminal
ONGC,LPC,42,LSTM-Autoencoder,lstm_ae,aggregate,5,0.83,2023-11-13 03:44:01,2023-11-13 09:46:00,6.03,34.94722222222222,,94.69445760303174,5.792623969796032,0.0,77.51937984496125,False,2562,3,2,True,False,terminal
ONGC,LPC,42,TCN-Autoencoder,tcn,aggregate,5,0.83,2023-11-13 03:44:01,2023-11-13 09:46:00,6.03,34.94722222222222,,92.79962103268592,5.792623969796032,0.0,77.51937984496125,False,2562,3,2,True,False,terminal
ONGC,LPC,42,Transformer-AD,transformer_ad,aggregate,5,0.83,2023-11-13 03:44:01,2023-11-13 09:46:00,6.03,34.94722222222222,,95.594504973946,5.792623969796032,0.0,77.51937984496125,False,2562,3,2,True,False,terminal
ONGC,LPC,42,RMS-Trend (kσ),rms_trend,aggregate,10,1.67,2023-11-13 03:44:01,2023-11-13 09:46:00,6.03,22.711111111111112,,0.4734848484848485,3.764445876881993,22.711111111111112,0.0,True,1281,3,1,True,False,terminal
ONGC,LPC,42,3σ Rule (σ=3.0),three_sigma,aggregate,10,1.67,2023-11-13 03:44:01,2023-11-13 09:46:00,6.03,35.35,,56.15530303030303,5.859385791242691,0.0,100.0,False,1281,3,1,True,False,terminal
ONGC,LPC,42,"EWMA (λ=0.2, k=3.0)",ewma,aggregate,10,1.67,2023-11-13 03:44:01,2023-11-13 09:46:00,6.03,35.266666666666666,,92.99242424242424,5.845573000598554,0.0,95.3846153846154,False,1281,3,1,True,False,terminal
ONGC,LPC,42,"CUSUM (k=0.5, h=5.0)",cusum,aggregate,10,1.67,2023-11-13 03:44:01,2023-11-13 09:46:00,6.03,33.87777777777778,,94.9810606060606,5.615359823196281,0.0,18.461538461538463,False,1281,3,1,True,False,terminal
ONGC,LPC,42,Hotelling T²,hotelling_t2,aggregate,10,1.67,2023-11-13 03:44:01,2023-11-13 09:46:00,6.03,35.35,,23.01136363636364,5.859385791242691,0.0,23.07692307692308,False,1281,3,1,True,False,terminal
ONGC,LPC,42,Isolation Forest,isolation_forest,aggregate,10,1.67,2023-11-13 03:44:01,2023-11-13 09:46:00,6.03,35.35,,31.818181818181817,5.859385791242691,0.0,32.30769230769231,False,1281,3,1,True,False,terminal
ONGC,LPC,42,Deep SVDD,deep_svdd,aggregate,10,1.67,2023-11-13 03:44:01,2023-11-13 09:46:00,6.03,0.0166666666666666,6.016388888888889,0.0,0.0027625581288272,0.0166666666666666,0.0,True,1281,3,1,True,False,terminal
ONGC,LPC,42,LSTM-Autoencoder,lstm_ae,aggregate,10,1.67,2023-11-13 03:44:01,2023-11-13 09:46:00,6.03,35.35,,100.0,5.859385791242691,0.0,100.0,False,1281,3,1,True,False,terminal
ONGC,LPC,42,TCN-Autoencoder,tcn,aggregate,10,1.67,2023-11-13 03:44:01,2023-11-13 09:46:00,6.03,34.544444444444444,,94.31818181818184,5.725862148349371,0.0,55.38461538461539,False,1281,3,1,True,False,terminal
ONGC,LPC,42,Transformer-AD,transformer_ad,aggregate,10,1.67,2023-11-13 03:44:01,2023-11-13 09:46:00,6.03,35.35,,100.0,5.859385791242691,0.0,100.0,False,1281,3,1,True,False,terminal
ONGC,LPC,42,RMS-Trend (kσ),rms_trend,aggregate,20,3.33,2023-11-13 03:44:01,2023-11-13 09:46:00,6.03,22.711111111111112,,0.7561436672967864,3.764445876881993,22.711111111111112,0.0,True,641,3,1,True,False,terminal
ONGC,LPC,42,3σ Rule (σ=3.0),three_sigma,aggregate,20,3.33,2023-11-13 03:44:01,2023-11-13 09:46:00,6.03,35.37777777777778,,51.41776937618148,5.863990054790737,0.0,100.0,False,641,3,1,True,False,terminal
ONGC,LPC,42,"EWMA (λ=0.2, k=3.0)",ewma,aggregate,20,3.33,2023-11-13 03:44:01,2023-11-13 09:46:00,6.03,35.21111111111111,,94.5179584120983,5.836364473502463,0.0,90.9090909090909,False,641,3,1,True,False,terminal
ONGC,LPC,42,"CUSUM (k=0.5, h=5.0)",cusum,aggregate,20,3.33,2023-11-13 03:44:01,2023-11-13 09:46:00,6.03,33.98888888888889,,95.27410207939508,5.633776877388462,0.0,24.24242424242424,False,641,3,1,True,False,terminal
ONGC,LPC,42,Hotelling T²,hotelling_t2,aggregate,20,3.33,2023-11-13 03:44:01,2023-11-13 09:46:00,6.03,35.37777777777778,,30.056710775047257,5.863990054790737,0.0,39.39393939393939,False,641,3,1,True,False,terminal
ONGC,LPC,42,Isolation Forest,isolation_forest,aggregate,20,3.33,2023-11-13 03:44:01,2023-11-13 09:46:00,6.03,35.32222222222222,,33.0812854442344,5.854781527694645,0.0,48.48484848484848,False,641,3,1,True,False,terminal
ONGC,LPC,42,Deep SVDD,deep_svdd,aggregate,20,3.33,2023-11-13 03:44:01,2023-11-13 09:46:00,6.03,0.0444444444444444,5.988611111111111,0.0,0.0073668216768727,0.0444444444444444,0.0,True,641,3,1,True,False,terminal
ONGC,LPC,42,LSTM-Autoencoder,lstm_ae,aggregate,20,3.33,2023-11-13 03:44:01,2023-11-13 09:46:00,6.03,33.766666666666666,,88.65784499054821,5.596942769004098,0.0,12.12121212121212,False,641,3,1,True,False,terminal
ONGC,LPC,42,TCN-Autoencoder,tcn,aggregate,20,3.33,2023-11-13 03:44:01,2023-11-13 09:46:00,6.03,35.37777777777778,,100.0,5.863990054790737,0.0,100.0,False,641,3,1,True,False,terminal
ONGC,LPC,42,Transformer-AD,transformer_ad,aggregate,20,3.33,2023-11-13 03:44:01,2023-11-13 09:46:00,6.03,35.37777777777778,,100.0,5.863990054790737,0.0,100.0,False,641,3,1,True,False,terminal
ONGC,LPC,42,RMS-Trend (kσ),rms_trend,decimate,1,0.17,2023-11-13 03:44:01,2023-11-13 09:46:00,6.03,22.816388888888888,,0.1421127427759355,3.781896035729085,22.816388888888888,0.0,True,2562,10,3,False,False,terminal
ONGC,LPC,42,3σ Rule (σ=3.0),three_sigma,decimate,1,0.17,2023-11-13 03:44:01,2023-11-13 09:46:00,6.03,35.24722222222222,,39.27048792041686,5.842350016114922,0.0,52.71317829457365,False,2562,10,3,False,False,terminal
ONGC,LPC,42,"EWMA (λ=0.2, k=3.0)",ewma,decimate,1,0.17,2023-11-13 03:44:01,2023-11-13 09:46:00,6.03,35.28888888888889,,90.43107531975367,5.849256411436992,0.0,96.89922480620154,False,2562,10,3,False,False,terminal
ONGC,LPC,42,"CUSUM (k=0.5, h=5.0)",cusum,decimate,1,0.17,2023-11-13 03:44:01,2023-11-13 09:46:00,6.03,33.9275,,95.1681667456182,5.6236014549472815,0.0,20.930232558139537,False,2562,10,3,False,False,terminal
ONGC,LPC,42,Hotelling T²,hotelling_t2,decimate,1,0.17,2023-11-13 03:44:01,2023-11-13 09:46:00,6.03,30.372222222222224,,6.489815253434392,5.034301763432939,30.372222222222224,0.0,True,2562,10,3,False,False,terminal
ONGC,LPC,42,Isolation Forest,isolation_forest,decimate,1,0.17,2023-11-13 03:44:01,2023-11-13 09:46:00,6.03,34.88583333333333,,11.747986736144007,5.78244854735485,0.0,12.4031007751938,False,2562,10,3,False,False,terminal
ONGC,LPC,42,Deep SVDD,deep_svdd,decimate,1,0.17,2023-11-13 03:44:01,2023-11-13 09:46:00,6.03,0.0,,0.0,0.0,0.0,0.0,False,2562,10,3,False,False,terminal
ONGC,LPC,42,LSTM-Autoencoder,lstm_ae,decimate,1,0.17,2023-11-13 03:44:01,2023-11-13 09:46:00,6.03,34.94166666666667,,93.46281383230696,5.791703117086422,0.0,77.51937984496125,False,2562,10,3,False,False,terminal
ONGC,LPC,42,TCN-Autoencoder,tcn,decimate,1,0.17,2023-11-13 03:44:01,2023-11-13 09:46:00,6.03,34.94166666666667,,77.59355755566082,5.791703117086422,0.0,77.51937984496125,False,2562,10,3,False,False,terminal
ONGC,LPC,42,Transformer-AD,transformer_ad,decimate,1,0.17,2023-11-13 03:44:01,2023-11-13 09:46:00,6.03,34.94166666666667,,86.12032212221696,5.791703117086422,0.0,77.51937984496125,False,2562,10,3,False,False,terminal
ONGC,LPC,42,RMS-Trend (kσ),rms_trend,decimate,2,0.33,2023-11-13 03:44:01,2023-11-13 09:46:00,6.03,0.0,,0.0,0.0,0.0,0.0,False,3202,5,4,False,False,terminal
ONGC,LPC,42,3σ Rule (σ=3.0),three_sigma,decimate,2,0.33,2023-11-13 03:44:01,2023-11-13 09:46:00,6.03,35.33611111111111,,48.44579226686884,5.857083659468668,0.0,99.37888198757764,False,3202,5,4,False,False,terminal
ONGC,LPC,42,"EWMA (λ=0.2, k=3.0)",ewma,decimate,2,0.33,2023-11-13 03:44:01,2023-11-13 09:46:00,6.03,35.3025,,92.03942380591356,5.8515125005755335,0.0,98.13664596273291,False,3202,5,4,False,False,terminal
ONGC,LPC,42,"CUSUM (k=0.5, h=5.0)",cusum,decimate,2,0.33,2023-11-13 03:44:01,2023-11-13 09:46:00,6.03,33.81361111111111,,94.80667172100075,5.604723974400295,0.0,14.906832298136646,False,3202,5,4,False,False,terminal
ONGC,LPC,42,Hotelling T²,hotelling_t2,decimate,2,0.33,2023-11-13 03:44:01,2023-11-13 09:46:00,6.03,23.34722222222222,,3.1463229719484462,3.8698835121322346,23.34722222222222,0.0,True,3202,5,4,False,False,terminal
ONGC,LPC,42,Isolation Forest,isolation_forest,decimate,2,0.33,2023-11-13 03:44:01,2023-11-13 09:46:00,6.03,34.358333333333334,,13.836239575435934,5.695013582577468,0.0,11.801242236024844,False,3202,5,4,False,False,terminal
ONGC,LPC,42,Deep SVDD,deep_svdd,decimate,2,0.33,2023-11-13 03:44:01,2023-11-13 09:46:00,6.03,0.0,,0.0,0.0,0.0,0.0,False,3202,5,4,False,False,terminal
ONGC,LPC,42,LSTM-Autoencoder,lstm_ae,decimate,2,0.33,2023-11-13 03:44:01,2023-11-13 09:46:00,6.03,35.01361111111111,,96.96739954510991,5.80362815967586,0.0,81.98757763975155,False,3202,5,4,False,False,terminal
ONGC,LPC,42,TCN-Autoencoder,tcn,decimate,2,0.33,2023-11-13 03:44:01,2023-11-13 09:46:00,6.03,35.01361111111111,,84.4579226686884,5.80362815967586,0.0,81.98757763975155,False,3202,5,4,False,False,terminal
ONGC,LPC,42,Transformer-AD,transformer_ad,decimate,2,0.33,2023-11-13 03:44:01,2023-11-13 09:46:00,6.03,35.33611111111111,,100.0,5.857083659468668,0.0,100.0,False,3202,5,4,False,False,terminal
ONGC,LPC,42,RMS-Trend (kσ),rms_trend,decimate,5,0.83,2023-11-13 03:44:01,2023-11-13 09:46:00,6.03,22.830277777777777,,0.3789673140691615,3.784198167503108,22.830277777777777,0.0,True,2562,3,2,True,False,terminal
ONGC,LPC,42,3σ Rule (σ=3.0),three_sigma,decimate,5,0.83,2023-11-13 03:44:01,2023-11-13 09:46:00,6.03,35.34444444444444,,53.00805305542397,5.858464938533081,0.0,100.0,False,2562,3,2,True,False,terminal
ONGC,LPC,42,"EWMA (λ=0.2, k=3.0)",ewma,decimate,5,0.83,2023-11-13 03:44:01,2023-11-13 09:46:00,6.03,35.3025,,94.6470866887731,5.8515125005755335,0.0,97.67441860465117,False,2562,3,2,True,False,terminal
ONGC,LPC,42,"CUSUM (k=0.5, h=5.0)",cusum,decimate,5,0.83,2023-11-13 03:44:01,2023-11-13 09:46:00,6.03,33.89972222222222,,95.07342491710092,5.618997191399236,0.0,19.379844961240316,False,2562,3,2,True,False,terminal
ONGC,LPC,42,Hotelling T²,hotelling_t2,decimate,5,0.83,2023-11-13 03:44:01,2023-11-13 09:46:00,6.03,34.88583333333333,,10.326859308384652,5.78244854735485,0.0,4.651162790697675,False,2562,3,2,True,False,terminal
ONGC,LPC,42,Isolation Forest,isolation_forest,decimate,5,0.83,2023-11-13 03:44:01,2023-11-13 09:46:00,6.03,35.33027777777778,,33.30175272382757,5.856116764123579,0.0,34.10852713178294,False,2562,3,2,True,False,terminal
ONGC,LPC,42,Deep SVDD,deep_svdd,decimate,5,0.83,2023-11-13 03:44:01,2023-11-13 09:46:00,6.03,0.0,6.2025,0.0,0.0,0.0,0.0,False,2562,3,2,True,False,terminal
ONGC,LPC,42,LSTM-Autoencoder,lstm_ae,decimate,5,0.83,2023-11-13 03:44:01,2023-11-13 09:46:00,6.03,34.94166666666667,,93.9365229748934,5.791703117086422,0.0,77.51937984496125,False,2562,3,2,True,False,terminal
ONGC,LPC,42,TCN-Autoencoder,tcn,decimate,5,0.83,2023-11-13 03:44:01,2023-11-13 09:46:00,6.03,34.94166666666667,,86.6887730933207,5.791703117086422,0.0,77.51937984496125,False,2562,3,2,True,False,terminal
ONGC,LPC,42,Transformer-AD,transformer_ad,decimate,5,0.83,2023-11-13 03:44:01,2023-11-13 09:46:00,6.03,34.94166666666667,,85.45712932259593,5.791703117086422,0.0,77.51937984496125,False,2562,3,2,True,False,terminal
ONGC,LPC,42,RMS-Trend (kσ),rms_trend,decimate,10,1.67,2023-11-13 03:44:01,2023-11-13 09:46:00,6.03,22.691388888888888,,0.3787878787878788,3.76117684976288,22.691388888888888,0.0,True,1281,3,1,True,False,terminal
ONGC,LPC,42,3σ Rule (σ=3.0),three_sigma,decimate,10,1.67,2023-11-13 03:44:01,2023-11-13 09:46:00,6.03,35.358333333333334,,59.94318181818182,5.860767070307105,0.0,100.0,False,1281,3,1,True,False,terminal
ONGC,LPC,42,"EWMA (λ=0.2, k=3.0)",ewma,decimate,10,1.67,2023-11-13 03:44:01,2023-11-13 09:46:00,6.03,35.275,,95.73863636363636,5.846954279662968,0.0,95.3846153846154,False,1281,3,1,True,False,terminal
ONGC,LPC,42,"CUSUM (k=0.5, h=5.0)",cusum,decimate,10,1.67,2023-11-13 03:44:01,2023-11-13 09:46:00,6.03,33.775,,94.60227272727272,5.598324048068512,0.0,12.307692307692308,False,1281,3,1,True,False,terminal
ONGC,LPC,42,Hotelling T²,hotelling_t2,decimate,10,1.67,2023-11-13 03:44:01,2023-11-13 09:46:00,6.03,34.88583333333333,,21.59090909090909,5.78244854735485,0.0,13.846153846153848,False,1281,3,1,True,False,terminal
ONGC,LPC,42,Isolation Forest,isolation_forest,decimate,10,1.67,2023-11-13 03:44:01,2023-11-13 09:46:00,6.03,35.3025,,42.51893939393939,5.8515125005755335,0.0,44.61538461538462,False,1281,3,1,True,False,terminal
ONGC,LPC,42,Deep SVDD,deep_svdd,decimate,10,1.67,2023-11-13 03:44:01,2023-11-13 09:46:00,6.03,0.0,6.2025,0.0,0.0,0.0,0.0,False,1281,3,1,True,False,terminal
ONGC,LPC,42,LSTM-Autoencoder,lstm_ae,decimate,10,1.67,2023-11-13 03:44:01,2023-11-13 09:46:00,6.03,34.5525,,89.6780303030303,5.7271973847783055,0.0,55.38461538461539,False,1281,3,1,True,False,terminal
ONGC,LPC,42,TCN-Autoencoder,tcn,decimate,10,1.67,2023-11-13 03:44:01,2023-11-13 09:46:00,6.03,35.358333333333334,,100.0,5.860767070307105,0.0,100.0,False,1281,3,1,True,False,terminal
ONGC,LPC,42,Transformer-AD,transformer_ad,decimate,10,1.67,2023-11-13 03:44:01,2023-11-13 09:46:00,6.03,35.358333333333334,,100.0,5.860767070307105,0.0,100.0,False,1281,3,1,True,False,terminal
ONGC,LPC,42,RMS-Trend (kσ),rms_trend,decimate,20,3.33,2023-11-13 03:44:01,2023-11-13 09:46:00,6.03,22.691388888888888,,0.7575757575757576,3.76117684976288,22.691388888888888,0.0,True,640,3,1,True,False,terminal
ONGC,LPC,42,3σ Rule (σ=3.0),three_sigma,decimate,20,3.33,2023-11-13 03:44:01,2023-11-13 09:46:00,6.03,35.358333333333334,,78.21969696969697,5.860767070307105,0.0,100.0,False,640,3,1,True,False,terminal
ONGC,LPC,42,"EWMA (λ=0.2, k=3.0)",ewma,decimate,20,3.33,2023-11-13 03:44:01,2023-11-13 09:46:00,6.03,35.24722222222222,,96.96969696969695,5.842350016114922,0.0,93.93939393939394,False,640,3,1,True,False,terminal
ONGC,LPC,42,"CUSUM (k=0.5, h=5.0)",cusum,decimate,20,3.33,2023-11-13 03:44:01,2023-11-13 09:46:00,6.03,34.08027777777778,,95.6439393939394,5.648924904461532,0.0,30.303030303030305,False,640,3,1,True,False,terminal
ONGC,LPC,42,Hotelling T²,hotelling_t2,decimate,20,3.33,2023-11-13 03:44:01,2023-11-13 09:46:00,6.03,35.3025,,32.57575757575758,5.8515125005755335,0.0,39.39393939393939,False,640,3,1,True,False,terminal
ONGC,LPC,42,Isolation Forest,isolation_forest,decimate,20,3.33,2023-11-13 03:44:01,2023-11-13 09:46:00,6.03,35.3025,,55.11363636363637,5.8515125005755335,0.0,75.75757575757575,False,640,3,1,True,False,terminal
ONGC,LPC,42,Deep SVDD,deep_svdd,decimate,20,3.33,2023-11-13 03:44:01,2023-11-13 09:46:00,6.03,0.0,6.174722222222222,0.0,0.0,0.0,0.0,False,640,3,1,True,False,terminal
ONGC,LPC,42,LSTM-Autoencoder,lstm_ae,decimate,20,3.33,2023-11-13 03:44:01,2023-11-13 09:46:00,6.03,35.358333333333334,,100.0,5.860767070307105,0.0,100.0,False,640,3,1,True,False,terminal
ONGC,LPC,42,TCN-Autoencoder,tcn,decimate,20,3.33,2023-11-13 03:44:01,2023-11-13 09:46:00,6.03,35.358333333333334,,100.0,5.860767070307105,0.0,100.0,False,640,3,1,True,False,terminal
ONGC,LPC,42,Transformer-AD,transformer_ad,decimate,20,3.33,2023-11-13 03:44:01,2023-11-13 09:46:00,6.03,35.358333333333334,,100.0,5.860767070307105,0.0,100.0,False,640,3,1,True,False,terminal
ONGC,LPC,42,One-Class SVM (nu=0.05),one_class_svm,aggregate,1,0.17,2023-11-13 03:44:01,2023-11-13 09:46:00,6.03,35.34444444444444,,78.35149218379914,5.858464938533081,0.0,100.0,False,2562,10,3,False,False,terminal
ONGC,LPC,42,One-Class SVM (nu=0.05),one_class_svm,aggregate,2,0.33,2023-11-13 03:44:01,2023-11-13 09:46:00,6.03,35.33888888888889,,80.55344958301744,5.857544085823473,0.0,100.0,False,3202,5,4,False,False,terminal
ONGC,LPC,42,One-Class SVM (nu=0.05),one_class_svm,aggregate,5,0.83,2023-11-13 03:44:01,2023-11-13 09:46:00,6.03,35.35,,83.79914732354334,5.859385791242691,0.0,100.0,False,2562,3,2,True,False,terminal
ONGC,LPC,42,One-Class SVM (nu=0.05),one_class_svm,aggregate,10,1.67,2023-11-13 03:44:01,2023-11-13 09:46:00,6.03,35.35,,89.39393939393939,5.859385791242691,0.0,100.0,False,1281,3,1,True,False,terminal
ONGC,LPC,42,One-Class SVM (nu=0.05),one_class_svm,aggregate,20,3.33,2023-11-13 03:44:01,2023-11-13 09:46:00,6.03,35.37777777777778,,89.03591682419659,5.863990054790737,0.0,100.0,False,641,3,1,True,False,terminal
ONGC,LPC,42,One-Class SVM (nu=0.05),one_class_svm,decimate,1,0.17,2023-11-13 03:44:01,2023-11-13 09:46:00,6.03,35.34444444444444,,78.35149218379914,5.858464938533081,0.0,100.0,False,2562,10,3,False,False,terminal
ONGC,LPC,42,One-Class SVM (nu=0.05),one_class_svm,decimate,2,0.33,2023-11-13 03:44:01,2023-11-13 09:46:00,6.03,35.33611111111111,,79.15087187263077,5.857083659468668,0.0,100.0,False,3202,5,4,False,False,terminal
ONGC,LPC,42,One-Class SVM (nu=0.05),one_class_svm,decimate,5,0.83,2023-11-13 03:44:01,2023-11-13 09:46:00,6.03,35.34444444444444,,82.94647086688774,5.858464938533081,0.0,100.0,False,2562,3,2,True,False,terminal
ONGC,LPC,42,One-Class SVM (nu=0.05),one_class_svm,decimate,10,1.67,2023-11-13 03:44:01,2023-11-13 09:46:00,6.03,35.358333333333334,,87.68939393939394,5.860767070307105,0.0,100.0,False,1281,3,1,True,False,terminal
ONGC,LPC,42,One-Class SVM (nu=0.05),one_class_svm,decimate,20,3.33,2023-11-13 03:44:01,2023-11-13 09:46:00,6.03,35.358333333333334,,91.28787878787878,5.860767070307105,0.0,100.0,False,640,3,1,True,False,terminal
