dataset,short_name,method,metric,n_runs_with_lead,n_runs_tested,n_runs_excluded_unscoreable,run_diffs,median_diff_h,n_pos,n_neg,n_ties,n_effective,p_floor_two_sided,sign_test_p,all_same_sign,holm_p,holm_reject,family_size,arm
FEMTO,cusum,"CUSUM (k=0.5, h=5.0)",raw,6,6,0,"+0.1483, -0.2800, +0.2483, -0.0950, -0.0650, +0.0678",0.0013888888888889117,3,3,0,6,0.03125,1.0,False,1.0,False,44.0,old
FEMTO,deep_svdd,Deep SVDD,raw,6,6,0,"-0.0078, +0.0011, -0.0750, -0.0078, +0.0200, +0.0078",-0.0033333333333333288,3,3,0,6,0.03125,1.0,False,1.0,False,44.0,old
FEMTO,ewma,"EWMA (λ=0.2, k=3.0)",raw,6,6,0,"+0.0383, -0.0217, +0.2533, -0.1933, -0.0650, +0.0922",0.008333333333333345,3,3,0,6,0.03125,1.0,False,1.0,False,44.0,old
FEMTO,hotelling_t2,Hotelling T²,raw,6,6,0,"-0.4433, +0.3417, +0.1500, +0.1194, +0.0194, +0.0094",0.06944444444444448,5,1,0,6,0.03125,0.21875,False,1.0,False,44.0,old
FEMTO,isolation_forest,Isolation Forest,raw,6,6,0,"-0.9411, -0.3044, -0.0178, -0.1572, -0.0050, -0.1161",-0.1366666666666666,0,6,0,6,0.03125,0.03125,True,1.0,False,44.0,old
FEMTO,lstm_ae,LSTM-Autoencoder,raw,6,6,0,"-0.0967, -0.2715, +0.0090, -0.0014, +0.0847, -0.1394",-0.04902777777777778,2,4,0,6,0.03125,0.6875,False,1.0,False,44.0,old
FEMTO,one_class_svm,One-Class SVM (nu=0.05),raw,6,6,0,"+0.1161, +0.0178, +0.0956, -0.0117, +0.0533, -0.4311",0.03555555555555548,4,2,0,6,0.03125,0.6875,False,1.0,False,44.0,old
FEMTO,rms_trend,RMS-Trend (kσ),raw,6,6,0,"-0.6106, +0.0011, -0.0422, -0.0078, +0.0017, -0.1050",-0.025000000000000012,2,4,0,6,0.03125,0.6875,False,1.0,False,44.0,old
FEMTO,tcn,TCN-Autoencoder,raw,6,6,0,"+0.0033, -0.1639, +0.0090, -0.0014, +0.0870, -0.0011",0.0011111111111112293,3,3,0,6,0.03125,1.0,False,1.0,False,44.0,old
FEMTO,three_sigma,3σ Rule (σ=3.0),raw,6,6,0,"-0.7561, -0.2322, -0.1056, -0.0372, +0.0017, -0.0917",-0.09861111111111118,1,5,0,6,0.03125,0.21875,False,1.0,False,44.0,old
FEMTO,transformer_ad,Transformer-AD,raw,6,6,0,"+0.0033, -0.2611, +0.0896, +0.0792, +0.0847, +0.0033",0.041250000000000064,5,1,0,6,0.03125,0.21875,False,1.0,False,44.0,old
Ferrara,cusum,"CUSUM (k=0.5, h=5.0)",raw,6,6,0,"+0.0022, -0.0072, +0.0200, -0.0033, +0.1778, +0.0681",0.011111111111111134,4,2,0,6,0.03125,0.6875,False,1.0,False,44.0,old
Ferrara,deep_svdd,Deep SVDD,raw,6,6,0,"+0.0003, -0.0094, +0.0094, -0.0061, -0.0069, -0.0050",-0.00555555555555555,2,4,0,6,0.03125,0.6875,False,1.0,False,44.0,old
Ferrara,ewma,"EWMA (λ=0.2, k=3.0)",raw,6,6,0,"-1.1444, -0.0097, +0.0175, -0.0033, +0.0878, +0.0667",0.007083333333333358,3,3,0,6,0.03125,1.0,False,1.0,False,44.0,old
Ferrara,hotelling_t2,Hotelling T²,raw,6,6,0,"-1.0250, +0.3231, +0.0067, +0.0778, +0.2133, +0.0133",0.04555555555555557,5,1,0,6,0.03125,0.21875,False,1.0,False,44.0,old
Ferrara,isolation_forest,Isolation Forest,raw,6,6,0,"-1.1072, -0.1161, +0.0067, -0.0344, -0.3289, +0.0389",-0.07527777777777775,2,4,0,6,0.03125,0.6875,False,1.0,False,44.0,old
Ferrara,lstm_ae,LSTM-Autoencoder,raw,6,6,0,"-1.2939, +0.0608, +0.0067, +0.0000, +0.1038, -0.0005",0.0033333333333333062,4,2,0,6,0.03125,0.6875,False,1.0,False,44.0,old
Ferrara,one_class_svm,One-Class SVM (nu=0.05),raw,6,6,0,"-0.2353, +0.0164, +0.0067, +0.0228, +0.1256, +0.0244",0.01958333333333337,5,1,0,6,0.03125,0.21875,False,1.0,False,44.0,old
Ferrara,rms_trend,RMS-Trend (kσ),raw,6,6,0,"+0.0108, +0.0092, -0.0150, +0.0072, -0.0133, -0.0508",-0.0030555555555555475,3,3,0,6,0.03125,1.0,False,1.0,False,44.0,old
Ferrara,tcn,TCN-Autoencoder,raw,6,6,0,"-0.9289, +0.0511, +0.0067, +0.0000, +0.0505, -0.0005",0.0033333333333333062,4,2,0,6,0.03125,0.6875,False,1.0,False,44.0,old
Ferrara,three_sigma,3σ Rule (σ=3.0),raw,6,6,0,"-0.9894, -0.3358, +0.0067, +0.0244, -0.0489, +0.1825",-0.021111111111111164,3,3,0,6,0.03125,1.0,False,1.0,False,44.0,old
Ferrara,transformer_ad,Transformer-AD,raw,6,6,0,"-1.5211, +0.0692, +0.0067, +0.0000, +0.1853, -0.0005",0.0033333333333333062,4,2,0,6,0.03125,0.6875,False,1.0,False,44.0,old
IMS,cusum,"CUSUM (k=0.5, h=5.0)",raw,3,3,0,"+4.1533, +4.6667, +4.2667",4.266666666666669,3,0,0,3,0.25,0.25,True,1.0,False,44.0,old
IMS,deep_svdd,Deep SVDD,raw,3,3,0,"+8.9298, +0.0000, +0.0000",0.0,1,0,2,1,1.0,1.0,True,1.0,False,44.0,old
IMS,ewma,"EWMA (λ=0.2, k=3.0)",raw,3,3,0,"-3.8867, +4.3333, +2.1000",2.1000000000000014,2,1,0,3,0.25,1.0,False,1.0,False,44.0,old
IMS,hotelling_t2,Hotelling T²,raw,3,3,0,"+1.0000, +1.1667, +81.7367",1.1666666666666643,3,0,0,3,0.25,0.25,True,1.0,False,44.0,old
IMS,isolation_forest,Isolation Forest,raw,3,3,0,"-0.6667, +16.8667, +3.4333",3.4333333333333336,2,1,0,3,0.25,1.0,False,1.0,False,44.0,old
IMS,lstm_ae,LSTM-Autoencoder,raw,3,3,0,"-1.3889, -0.4167, +56.1250",-0.4166666666666572,1,2,0,3,0.25,1.0,False,1.0,False,44.0,old
IMS,one_class_svm,One-Class SVM (nu=0.05),raw,3,3,0,"-2.4333, -5.5000, +1.5333",-2.4333333333332803,1,2,0,3,0.25,1.0,False,1.0,False,44.0,old
IMS,rms_trend,RMS-Trend (kσ),raw,3,3,0,"-0.1667, +0.0000, +2.3667",0.0,1,1,1,2,0.5,1.0,False,1.0,False,44.0,old
IMS,tcn,TCN-Autoencoder,raw,3,3,0,"-1.3889, -0.4167, +9.0000",-0.4166666666666572,1,2,0,3,0.25,1.0,False,1.0,False,44.0,old
IMS,three_sigma,3σ Rule (σ=3.0),raw,3,3,0,"+25.8131, +15.1000, -1.0000",15.099999999999994,2,1,0,3,0.25,1.0,False,1.0,False,44.0,old
IMS,transformer_ad,Transformer-AD,raw,3,3,0,"-1.3889, -0.4167, +68.7917",-0.4166666666666572,1,2,0,3,0.25,1.0,False,1.0,False,44.0,old
ONGC,cusum,"CUSUM (k=0.5, h=5.0)",raw,1,1,0,-0.0171,-0.017055555555558044,0,1,0,1,1.0,1.0,True,,False,,old
ONGC,deep_svdd,Deep SVDD,raw,1,1,0,+0.0033,0.00333333333333332,1,0,0,1,1.0,1.0,True,,False,,old
ONGC,ewma,"EWMA (λ=0.2, k=3.0)",raw,1,1,0,-0.0188,-0.018777777777778226,0,1,0,1,1.0,1.0,True,,False,,old
ONGC,hotelling_t2,Hotelling T²,raw,1,1,0,+2.4057,2.4057222222222236,1,0,0,1,1.0,1.0,True,,False,,old
ONGC,isolation_forest,Isolation Forest,raw,1,1,0,+0.1213,0.12127777777777737,1,0,0,1,1.0,1.0,True,,False,,old
ONGC,lstm_ae,LSTM-Autoencoder,raw,1,1,0,-0.2632,-0.26322222222222535,0,1,0,1,1.0,1.0,True,,False,,old
ONGC,one_class_svm,One-Class SVM (nu=0.05),raw,1,1,0,+0.0106,0.01055555555555543,1,0,0,1,1.0,1.0,True,,False,,old
ONGC,rms_trend,RMS-Trend (kσ),raw,1,1,0,+0.0007,0.0007222222222225128,1,0,0,1,1.0,1.0,True,,False,,old
ONGC,tcn,TCN-Autoencoder,raw,1,1,0,-0.1344,-0.13438888888889267,0,1,0,1,1.0,1.0,True,,False,,old
ONGC,three_sigma,3σ Rule (σ=3.0),raw,1,1,0,+0.0106,0.01055555555555543,1,0,0,1,1.0,1.0,True,,False,,old
ONGC,transformer_ad,Transformer-AD,raw,1,1,0,-0.0056,-0.005555555555559977,0,1,0,1,1.0,1.0,True,,False,,old
XJTU-SY,cusum,"CUSUM (k=0.5, h=5.0)",raw,10,10,0,"+0.0000, -0.0200, +0.0000, +0.0000, +0.0000, +0.0500, -0.0333, +0.0000, +0.0000, +0.0000",0.0,1,2,7,3,0.25,1.0,False,1.0,False,44.0,old
XJTU-SY,deep_svdd,Deep SVDD,raw,10,10,0,"+0.0667, +0.0000, +0.0000, -0.1700, +0.0000, +0.0000, +0.1333, -0.0067, +0.0000, +0.1267",0.0,3,2,5,5,0.0625,1.0,False,1.0,False,44.0,old
XJTU-SY,ewma,"EWMA (λ=0.2, k=3.0)",raw,10,10,0,"+0.0000, -0.0333, +0.0000, +0.0000, +0.0000, -0.0167, +0.0133, +0.0133, +0.0000, +0.0000",0.0,2,2,6,4,0.125,1.0,False,1.0,False,44.0,old
XJTU-SY,hotelling_t2,Hotelling T²,raw,10,10,0,"+0.0000, +0.0333, +0.0000, +0.0000, +0.0000, +0.8433, +0.0000, +0.0000, +0.0000, +0.0000",0.0,2,0,8,2,0.5,0.5,True,1.0,False,44.0,old
XJTU-SY,isolation_forest,Isolation Forest,raw,10,10,0,"+0.0000, -0.0567, +0.0417, -0.1167, -0.2444, -0.1167, -0.2333, +0.0133, -0.0889, -0.2000",-0.10277777777777772,2,7,1,9,0.00390625,0.1796875,False,1.0,False,44.0,old
XJTU-SY,lstm_ae,LSTM-Autoencoder,raw,3,3,0,"+0.1667, +0.0000, +0.0000",0.0,1,0,2,1,1.0,1.0,True,1.0,False,44.0,old
XJTU-SY,one_class_svm,One-Class SVM (nu=0.05),raw,10,10,0,"+0.0000, +0.0000, +0.0000, +0.0000, +0.0000, +0.0633, +0.0000, +0.0000, +0.0000, +0.0000",0.0,1,0,9,1,1.0,1.0,True,1.0,False,44.0,old
XJTU-SY,rms_trend,RMS-Trend (kσ),raw,10,10,0,"+0.0000, +0.0000, +0.0500, -0.1667, +0.0000, +0.0000, +0.0000, +0.0333, +0.0000, -0.0667",0.0,2,2,6,4,0.125,1.0,False,1.0,False,44.0,old
XJTU-SY,tcn,TCN-Autoencoder,raw,3,3,0,"+0.0000, +0.0000, +0.0000",0.0,0,0,3,0,1.0,1.0,False,1.0,False,44.0,old
XJTU-SY,three_sigma,3σ Rule (σ=3.0),raw,10,10,0,"+0.0000, +0.0333, +0.0000, +0.1533, +0.0000, +0.1167, -0.0033, +0.0000, +0.0000, +0.0000",0.0,3,1,6,4,0.125,0.625,False,1.0,False,44.0,old
XJTU-SY,transformer_ad,Transformer-AD,raw,3,3,0,"+0.0000, +0.0000, +0.0000",0.0,0,0,3,0,1.0,1.0,False,1.0,False,44.0,old
FEMTO,cusum,"CUSUM (k=0.5, h=5.0)",raw,6,6,0,"+0.2700, +0.1611, +0.2278, -0.0583, -0.0556, +0.0406",0.10083333333333339,4,2,0,6,0.03125,0.6875,False,1.0,False,44.0,new
FEMTO,deep_svdd,Deep SVDD,raw,6,6,0,"-0.0167, +0.0000, -0.0750, +0.0000, -0.0078, +0.0089",-0.0038888888888888827,1,3,2,4,0.125,0.625,False,1.0,False,44.0,new
FEMTO,ewma,"EWMA (λ=0.2, k=3.0)",raw,6,6,0,"+0.1422, +0.1200, +0.2422, -0.0472, -0.0556, +0.0661",0.09305555555555553,4,2,0,6,0.03125,0.6875,False,1.0,False,44.0,new
FEMTO,hotelling_t2,Hotelling T²,raw,6,6,0,"-0.7322, +0.3383, +0.1300, +0.1172, +0.0256, +0.0089",0.07138888888888892,5,1,0,6,0.03125,0.21875,False,1.0,False,44.0,new
FEMTO,isolation_forest,Isolation Forest,raw,6,6,0,"-0.9278, -0.1278, +0.1211, -0.1522, +0.0111, -0.0022",-0.065,2,4,0,6,0.03125,0.6875,False,1.0,False,44.0,new
FEMTO,lstm_ae,LSTM-Autoencoder,raw,6,6,0,"+0.0000, +0.0000, -0.0806, +0.0000, -0.1315, -0.1522",-0.040277777777777746,0,3,3,3,0.25,0.25,True,1.0,False,44.0,new
FEMTO,one_class_svm,One-Class SVM (nu=0.05),raw,6,6,0,"+0.1228, +0.0156, +0.0656, +0.0000, +0.0317, -0.5561",0.023611111111111055,4,1,1,5,0.0625,0.375,False,1.0,False,44.0,new
FEMTO,rms_trend,RMS-Trend (kσ),raw,6,6,0,"-0.6122, +0.0000, -0.0333, +0.0061, +0.0000, -0.0961",-0.016666666666666677,1,3,2,4,0.125,0.625,False,1.0,False,44.0,new
FEMTO,tcn,TCN-Autoencoder,raw,6,6,0,"+0.0000, +0.0000, -0.0806, +0.0000, +0.0296, -0.0022",0.0,1,2,3,3,0.25,1.0,False,1.0,False,44.0,new
FEMTO,three_sigma,3σ Rule (σ=3.0),raw,6,6,0,"-0.7661, -0.2444, -0.0000, -0.1611, +0.0111, -0.1161",-0.13861111111111116,1,5,0,6,0.03125,0.21875,False,1.0,False,44.0,new
FEMTO,transformer_ad,Transformer-AD,raw,6,6,0,"+0.0000, -0.2375, -0.1007, +0.0000, -0.1167, -0.0056",-0.05312499999999998,0,4,2,4,0.125,0.125,True,1.0,False,44.0,new
Ferrara,cusum,"CUSUM (k=0.5, h=5.0)",raw,6,6,0,"+0.0083, +0.0069, +0.0083, -0.0194, +0.0819, +0.0553",0.008333333333333318,5,1,0,6,0.03125,0.21875,False,1.0,False,44.0,new
Ferrara,deep_svdd,Deep SVDD,raw,6,6,0,"+0.0042, -0.0239, -0.0178, +0.0000, -0.0014, -0.0044",-0.002916666666666663,1,4,1,5,0.0625,0.375,False,1.0,False,44.0,new
Ferrara,ewma,"EWMA (λ=0.2, k=3.0)",raw,6,6,0,"-1.1322, +0.0067, +0.0083, -0.0181, +0.0803, +0.0506",0.0075,4,2,0,6,0.03125,0.6875,False,1.0,False,44.0,new
Ferrara,hotelling_t2,Hotelling T²,raw,6,6,0,"-0.7417, +0.1403, +0.0000, +0.0167, +0.1097, +0.0042",0.010416666666666657,4,1,1,5,0.0625,0.375,False,1.0,False,44.0,new
Ferrara,isolation_forest,Isolation Forest,raw,6,6,0,"-0.9694, +0.0472, +0.0000, +0.0097, -0.1569, +0.0975",0.004861111111111101,3,2,1,5,0.0625,1.0,False,1.0,False,44.0,new
Ferrara,lstm_ae,LSTM-Autoencoder,raw,6,6,0,"-0.5100, -0.0272, +0.0000, +0.0023, +0.0969, +0.0000",0.0,2,2,2,4,0.125,1.0,False,1.0,False,44.0,new
Ferrara,one_class_svm,One-Class SVM (nu=0.05),raw,6,6,0,"-0.1275, +0.0153, +0.0000, +0.0117, +0.0392, +0.0097",0.010694444444444437,4,1,1,5,0.0625,0.375,False,1.0,False,44.0,new
Ferrara,rms_trend,RMS-Trend (kσ),raw,6,6,0,"+0.0228, +0.0156, -0.0381, -0.0056, +0.0028, +0.0328",0.00916666666666667,4,2,0,6,0.03125,0.6875,False,1.0,False,44.0,new
Ferrara,tcn,TCN-Autoencoder,raw,6,6,0,"-0.5861, +0.0444, +0.0000, +0.0023, +0.0033, +0.0000",0.0011574074074074056,3,1,2,4,0.125,0.625,False,1.0,False,44.0,new
Ferrara,three_sigma,3σ Rule (σ=3.0),raw,6,6,0,"-0.8583, -0.0319, +0.0000, +0.0097, -0.0292, +0.1789",-0.014583333333333393,2,3,1,5,0.0625,1.0,False,1.0,False,44.0,new
Ferrara,transformer_ad,Transformer-AD,raw,6,6,0,"-0.7206, +0.0436, +0.0000, +0.0023, +0.1803, +0.0000",0.0011574074074074056,3,1,2,4,0.125,0.625,False,1.0,False,44.0,new
IMS,cusum,"CUSUM (k=0.5, h=5.0)",raw,3,3,0,"+4.1533, +4.6667, +4.2667",4.266666666666669,3,0,0,3,0.25,0.25,True,1.0,False,44.0,new
IMS,deep_svdd,Deep SVDD,raw,3,3,0,"+8.9298, +0.0000, +0.0000",0.0,1,0,2,1,1.0,1.0,True,1.0,False,44.0,new
IMS,ewma,"EWMA (λ=0.2, k=3.0)",raw,3,3,0,"-3.8867, +4.3333, +2.1000",2.1000000000000014,2,1,0,3,0.25,1.0,False,1.0,False,44.0,new
IMS,hotelling_t2,Hotelling T²,raw,3,3,0,"+1.0000, +1.1667, +81.7367",1.1666666666666643,3,0,0,3,0.25,0.25,True,1.0,False,44.0,new
IMS,isolation_forest,Isolation Forest,raw,3,3,0,"-0.6667, +16.8667, +3.4333",3.4333333333333336,2,1,0,3,0.25,1.0,False,1.0,False,44.0,new
IMS,lstm_ae,LSTM-Autoencoder,raw,3,3,0,"-1.3889, -0.4167, +56.1250",-0.4166666666666572,1,2,0,3,0.25,1.0,False,1.0,False,44.0,new
IMS,one_class_svm,One-Class SVM (nu=0.05),raw,3,3,0,"-2.4333, -5.5000, +1.5333",-2.4333333333332803,1,2,0,3,0.25,1.0,False,1.0,False,44.0,new
IMS,rms_trend,RMS-Trend (kσ),raw,3,3,0,"-0.1667, +0.0000, +2.3667",0.0,1,1,1,2,0.5,1.0,False,1.0,False,44.0,new
IMS,tcn,TCN-Autoencoder,raw,3,3,0,"-1.3889, -0.4167, +9.0000",-0.4166666666666572,1,2,0,3,0.25,1.0,False,1.0,False,44.0,new
IMS,three_sigma,3σ Rule (σ=3.0),raw,3,3,0,"+25.8131, +15.1000, -1.0000",15.099999999999994,2,1,0,3,0.25,1.0,False,1.0,False,44.0,new
IMS,transformer_ad,Transformer-AD,raw,3,3,0,"-1.3889, -0.4167, +68.7917",-0.4166666666666572,1,2,0,3,0.25,1.0,False,1.0,False,44.0,new
ONGC,cusum,"CUSUM (k=0.5, h=5.0)",raw,1,1,0,+0.0018,0.0018333333333373503,1,0,0,1,1.0,1.0,True,,False,,new
ONGC,deep_svdd,Deep SVDD,raw,1,1,0,+0.0122,0.0122222222222222,1,0,0,1,1.0,1.0,True,,False,,new
ONGC,ewma,"EWMA (λ=0.2, k=3.0)",raw,1,1,0,-0.0121,-0.012111111111110517,0,1,0,1,1.0,1.0,True,,False,,new
ONGC,hotelling_t2,Hotelling T²,raw,1,1,0,+0.1096,0.10961111111111421,1,0,0,1,1.0,1.0,True,,False,,new
ONGC,isolation_forest,Isolation Forest,raw,1,1,0,+0.2046,0.20461111111110597,1,0,0,1,1.0,1.0,True,,False,,new
ONGC,lstm_ae,LSTM-Autoencoder,raw,1,1,0,-0.1571,-0.15711111111111364,0,1,0,1,1.0,1.0,True,,False,,new
ONGC,one_class_svm,One-Class SVM (nu=0.05),raw,1,1,0,+0.0039,0.0038888888888877204,1,0,0,1,1.0,1.0,True,,False,,new
ONGC,rms_trend,RMS-Trend (kσ),raw,1,1,0,+4.5746,4.574611111111114,1,0,0,1,1.0,1.0,True,,False,,new
ONGC,tcn,TCN-Autoencoder,raw,1,1,0,-0.1572,-0.15716666666666868,0,1,0,1,1.0,1.0,True,,False,,new
ONGC,three_sigma,3σ Rule (σ=3.0),raw,1,1,0,-0.0117,-0.011666666666670267,0,1,0,1,1.0,1.0,True,,False,,new
ONGC,transformer_ad,Transformer-AD,raw,1,1,0,+0.0039,0.0038888888888877204,1,0,0,1,1.0,1.0,True,,False,,new
XJTU-SY,cusum,"CUSUM (k=0.5, h=5.0)",raw,10,10,0,"+0.0000, -0.0200, +0.0000, +0.0000, +0.0000, +0.0500, -0.0333, +0.0000, +0.0000, +0.0000",0.0,1,2,7,3,0.25,1.0,False,1.0,False,44.0,new
XJTU-SY,deep_svdd,Deep SVDD,raw,10,10,0,"+0.0667, +0.0000, +0.0000, -0.1700, +0.0000, +0.0000, +0.1333, -0.0067, +0.0000, +0.1267",0.0,3,2,5,5,0.0625,1.0,False,1.0,False,44.0,new
XJTU-SY,ewma,"EWMA (λ=0.2, k=3.0)",raw,10,10,0,"+0.0000, -0.0333, +0.0000, +0.0000, +0.0000, -0.0167, +0.0133, +0.0133, +0.0000, +0.0000",0.0,2,2,6,4,0.125,1.0,False,1.0,False,44.0,new
XJTU-SY,hotelling_t2,Hotelling T²,raw,10,10,0,"+0.0000, +0.0333, +0.0000, +0.0000, +0.0000, +0.8433, +0.0000, +0.0000, +0.0000, +0.0000",0.0,2,0,8,2,0.5,0.5,True,1.0,False,44.0,new
XJTU-SY,isolation_forest,Isolation Forest,raw,10,10,0,"+0.0000, -0.0567, +0.0417, -0.1167, -0.2444, -0.1167, -0.2333, +0.0133, -0.0889, -0.2000",-0.10277777777777772,2,7,1,9,0.00390625,0.1796875,False,1.0,False,44.0,new
XJTU-SY,lstm_ae,LSTM-Autoencoder,raw,3,3,0,"+0.1667, +0.0000, +0.0000",0.0,1,0,2,1,1.0,1.0,True,1.0,False,44.0,new
XJTU-SY,one_class_svm,One-Class SVM (nu=0.05),raw,10,10,0,"+0.0000, +0.0000, +0.0000, +0.0000, +0.0000, +0.0633, +0.0000, +0.0000, +0.0000, +0.0000",0.0,1,0,9,1,1.0,1.0,True,1.0,False,44.0,new
XJTU-SY,rms_trend,RMS-Trend (kσ),raw,10,10,0,"+0.0000, +0.0000, +0.0500, -0.1667, +0.0000, +0.0000, +0.0000, +0.0333, +0.0000, -0.0667",0.0,2,2,6,4,0.125,1.0,False,1.0,False,44.0,new
XJTU-SY,tcn,TCN-Autoencoder,raw,3,3,0,"+0.0000, +0.0000, +0.0000",0.0,0,0,3,0,1.0,1.0,False,1.0,False,44.0,new
XJTU-SY,three_sigma,3σ Rule (σ=3.0),raw,10,10,0,"+0.0000, +0.0333, +0.0000, +0.1533, +0.0000, +0.1167, -0.0033, +0.0000, +0.0000, +0.0000",0.0,3,1,6,4,0.125,0.625,False,1.0,False,44.0,new
XJTU-SY,transformer_ad,Transformer-AD,raw,3,3,0,"+0.0000, +0.0000, +0.0000",0.0,0,0,3,0,1.0,1.0,False,1.0,False,44.0,new
