dataset,short_name,method,metric,n_runs_with_lead,n_runs_tested,n_runs_excluded_unscoreable,run_diffs,median_diff_h,n_pos,n_neg,n_ties,n_effective,p_floor_two_sided,sign_test_p,all_same_sign,holm_p,holm_reject,family_size,ims_schema,validity_convention
FEMTO,cusum,"CUSUM (k=0.5, h=5.0)",raw,6,6,0,"+0.2700, +0.1611, +0.2278, -0.0583, -0.0556, +0.0406",0.10083333333333339,4,2,0,6,0.03125,0.6875,False,1.0,False,44.0,invariant (D-2),n/a (raw lead carries no gate)
FEMTO,deep_svdd,Deep SVDD,raw,6,6,0,"-0.0167, +0.0000, -0.0750, +0.0000, -0.0078, +0.0089",-0.0038888888888888827,1,3,2,4,0.125,0.625,False,1.0,False,44.0,invariant (D-2),n/a (raw lead carries no gate)
FEMTO,ewma,"EWMA (λ=0.2, k=3.0)",raw,6,6,0,"+0.1422, +0.1200, +0.2422, -0.0472, -0.0556, +0.0661",0.09305555555555553,4,2,0,6,0.03125,0.6875,False,1.0,False,44.0,invariant (D-2),n/a (raw lead carries no gate)
FEMTO,hotelling_t2,Hotelling T²,raw,6,6,0,"-0.7322, +0.3383, +0.1300, +0.1172, +0.0256, +0.0089",0.07138888888888892,5,1,0,6,0.03125,0.21875,False,1.0,False,44.0,invariant (D-2),n/a (raw lead carries no gate)
FEMTO,isolation_forest,Isolation Forest,raw,6,6,0,"-0.9278, -0.1278, +0.1211, -0.1522, +0.0111, -0.0022",-0.065,2,4,0,6,0.03125,0.6875,False,1.0,False,44.0,invariant (D-2),n/a (raw lead carries no gate)
FEMTO,lstm_ae,LSTM-Autoencoder,raw,6,6,0,"+0.0000, +0.0000, -0.0806, +0.0000, -0.1315, -0.1522",-0.040277777777777746,0,3,3,3,0.25,0.25,True,1.0,False,44.0,invariant (D-2),n/a (raw lead carries no gate)
FEMTO,one_class_svm,One-Class SVM (nu=0.05),raw,6,6,0,"+0.1228, +0.0156, +0.0656, +0.0000, +0.0317, -0.5561",0.023611111111111055,4,1,1,5,0.0625,0.375,False,1.0,False,44.0,invariant (D-2),n/a (raw lead carries no gate)
FEMTO,rms_trend,RMS-Trend (kσ),raw,6,6,0,"-0.6122, +0.0000, -0.0333, +0.0061, +0.0000, -0.0961",-0.016666666666666677,1,3,2,4,0.125,0.625,False,1.0,False,44.0,invariant (D-2),n/a (raw lead carries no gate)
FEMTO,tcn,TCN-Autoencoder,raw,6,6,0,"+0.0000, +0.0000, -0.0806, +0.0000, +0.0296, -0.0022",0.0,1,2,3,3,0.25,1.0,False,1.0,False,44.0,invariant (D-2),n/a (raw lead carries no gate)
FEMTO,three_sigma,3σ Rule (σ=3.0),raw,6,6,0,"-0.7661, -0.2444, -0.0000, -0.1611, +0.0111, -0.1161",-0.13861111111111116,1,5,0,6,0.03125,0.21875,False,1.0,False,44.0,invariant (D-2),n/a (raw lead carries no gate)
FEMTO,transformer_ad,Transformer-AD,raw,6,6,0,"+0.0000, -0.2375, -0.1007, +0.0000, -0.1167, -0.0056",-0.05312499999999998,0,4,2,4,0.125,0.125,True,1.0,False,44.0,invariant (D-2),n/a (raw lead carries no gate)
Ferrara,cusum,"CUSUM (k=0.5, h=5.0)",raw,6,6,0,"+0.0083, +0.0069, +0.0083, -0.0194, +0.0819, +0.0553",0.008333333333333318,5,1,0,6,0.03125,0.21875,False,1.0,False,44.0,invariant (D-2),n/a (raw lead carries no gate)
Ferrara,deep_svdd,Deep SVDD,raw,6,6,0,"+0.0042, -0.0239, -0.0178, +0.0000, -0.0014, -0.0044",-0.002916666666666663,1,4,1,5,0.0625,0.375,False,1.0,False,44.0,invariant (D-2),n/a (raw lead carries no gate)
Ferrara,ewma,"EWMA (λ=0.2, k=3.0)",raw,6,6,0,"-1.1322, +0.0067, +0.0083, -0.0181, +0.0803, +0.0506",0.0075,4,2,0,6,0.03125,0.6875,False,1.0,False,44.0,invariant (D-2),n/a (raw lead carries no gate)
Ferrara,hotelling_t2,Hotelling T²,raw,6,6,0,"-0.7417, +0.1403, +0.0000, +0.0167, +0.1097, +0.0042",0.010416666666666657,4,1,1,5,0.0625,0.375,False,1.0,False,44.0,invariant (D-2),n/a (raw lead carries no gate)
Ferrara,isolation_forest,Isolation Forest,raw,6,6,0,"-0.9694, +0.0472, +0.0000, +0.0097, -0.1569, +0.0975",0.004861111111111101,3,2,1,5,0.0625,1.0,False,1.0,False,44.0,invariant (D-2),n/a (raw lead carries no gate)
Ferrara,lstm_ae,LSTM-Autoencoder,raw,6,6,0,"-0.5100, -0.0272, +0.0000, +0.0023, +0.0969, +0.0000",0.0,2,2,2,4,0.125,1.0,False,1.0,False,44.0,invariant (D-2),n/a (raw lead carries no gate)
Ferrara,one_class_svm,One-Class SVM (nu=0.05),raw,6,6,0,"-0.1275, +0.0153, +0.0000, +0.0117, +0.0392, +0.0097",0.010694444444444437,4,1,1,5,0.0625,0.375,False,1.0,False,44.0,invariant (D-2),n/a (raw lead carries no gate)
Ferrara,rms_trend,RMS-Trend (kσ),raw,6,6,0,"+0.0228, +0.0156, -0.0381, -0.0056, +0.0028, +0.0328",0.00916666666666667,4,2,0,6,0.03125,0.6875,False,1.0,False,44.0,invariant (D-2),n/a (raw lead carries no gate)
Ferrara,tcn,TCN-Autoencoder,raw,6,6,0,"-0.5861, +0.0444, +0.0000, +0.0023, +0.0033, +0.0000",0.0011574074074074056,3,1,2,4,0.125,0.625,False,1.0,False,44.0,invariant (D-2),n/a (raw lead carries no gate)
Ferrara,three_sigma,3σ Rule (σ=3.0),raw,6,6,0,"-0.8583, -0.0319, +0.0000, +0.0097, -0.0292, +0.1789",-0.014583333333333393,2,3,1,5,0.0625,1.0,False,1.0,False,44.0,invariant (D-2),n/a (raw lead carries no gate)
Ferrara,transformer_ad,Transformer-AD,raw,6,6,0,"-0.7206, +0.0436, +0.0000, +0.0023, +0.1803, +0.0000",0.0011574074074074056,3,1,2,4,0.125,0.625,False,1.0,False,44.0,invariant (D-2),n/a (raw lead carries no gate)
IMS,cusum,"CUSUM (k=0.5, h=5.0)",raw,3,3,0,"+4.1533, +4.6667, +4.2667",4.266666666666669,3,0,0,3,0.25,0.25,True,1.0,False,44.0,invariant (D-2),n/a (raw lead carries no gate)
IMS,deep_svdd,Deep SVDD,raw,3,3,0,"+8.9298, +0.0000, +0.0000",0.0,1,0,2,1,1.0,1.0,True,1.0,False,44.0,invariant (D-2),n/a (raw lead carries no gate)
IMS,ewma,"EWMA (λ=0.2, k=3.0)",raw,3,3,0,"-3.8867, +4.3333, +2.1000",2.1000000000000014,2,1,0,3,0.25,1.0,False,1.0,False,44.0,invariant (D-2),n/a (raw lead carries no gate)
IMS,hotelling_t2,Hotelling T²,raw,3,3,0,"+1.0000, +1.1667, +81.7367",1.1666666666666643,3,0,0,3,0.25,0.25,True,1.0,False,44.0,invariant (D-2),n/a (raw lead carries no gate)
IMS,isolation_forest,Isolation Forest,raw,3,3,0,"-0.6667, +16.8667, +3.4333",3.4333333333333336,2,1,0,3,0.25,1.0,False,1.0,False,44.0,invariant (D-2),n/a (raw lead carries no gate)
IMS,lstm_ae,LSTM-Autoencoder,raw,3,3,0,"-1.3889, -0.4167, +56.1250",-0.4166666666666572,1,2,0,3,0.25,1.0,False,1.0,False,44.0,invariant (D-2),n/a (raw lead carries no gate)
IMS,one_class_svm,One-Class SVM (nu=0.05),raw,3,3,0,"-2.4333, -5.5000, +1.5333",-2.4333333333332803,1,2,0,3,0.25,1.0,False,1.0,False,44.0,invariant (D-2),n/a (raw lead carries no gate)
IMS,rms_trend,RMS-Trend (kσ),raw,3,3,0,"-0.1667, +0.0000, +2.3667",0.0,1,1,1,2,0.5,1.0,False,1.0,False,44.0,invariant (D-2),n/a (raw lead carries no gate)
IMS,tcn,TCN-Autoencoder,raw,3,3,0,"-1.3889, -0.4167, +9.0000",-0.4166666666666572,1,2,0,3,0.25,1.0,False,1.0,False,44.0,invariant (D-2),n/a (raw lead carries no gate)
IMS,three_sigma,3σ Rule (σ=3.0),raw,3,3,0,"+25.8131, +15.1000, -1.0000",15.099999999999994,2,1,0,3,0.25,1.0,False,1.0,False,44.0,invariant (D-2),n/a (raw lead carries no gate)
IMS,transformer_ad,Transformer-AD,raw,3,3,0,"-1.3889, -0.4167, +68.7917",-0.4166666666666572,1,2,0,3,0.25,1.0,False,1.0,False,44.0,invariant (D-2),n/a (raw lead carries no gate)
ONGC,cusum,"CUSUM (k=0.5, h=5.0)",raw,1,1,0,+0.0018,0.0018333333333373503,1,0,0,1,1.0,1.0,True,,False,,invariant (D-2),n/a (raw lead carries no gate)
ONGC,deep_svdd,Deep SVDD,raw,1,1,0,+0.0122,0.0122222222222222,1,0,0,1,1.0,1.0,True,,False,,invariant (D-2),n/a (raw lead carries no gate)
ONGC,ewma,"EWMA (λ=0.2, k=3.0)",raw,1,1,0,-0.0121,-0.012111111111110517,0,1,0,1,1.0,1.0,True,,False,,invariant (D-2),n/a (raw lead carries no gate)
ONGC,hotelling_t2,Hotelling T²,raw,1,1,0,+0.1096,0.10961111111111421,1,0,0,1,1.0,1.0,True,,False,,invariant (D-2),n/a (raw lead carries no gate)
ONGC,isolation_forest,Isolation Forest,raw,1,1,0,+0.2046,0.20461111111110597,1,0,0,1,1.0,1.0,True,,False,,invariant (D-2),n/a (raw lead carries no gate)
ONGC,lstm_ae,LSTM-Autoencoder,raw,1,1,0,-0.1571,-0.15711111111111364,0,1,0,1,1.0,1.0,True,,False,,invariant (D-2),n/a (raw lead carries no gate)
ONGC,one_class_svm,One-Class SVM (nu=0.05),raw,1,1,0,+0.0039,0.0038888888888877204,1,0,0,1,1.0,1.0,True,,False,,invariant (D-2),n/a (raw lead carries no gate)
ONGC,rms_trend,RMS-Trend (kσ),raw,1,1,0,+4.5746,4.574611111111114,1,0,0,1,1.0,1.0,True,,False,,invariant (D-2),n/a (raw lead carries no gate)
ONGC,tcn,TCN-Autoencoder,raw,1,1,0,-0.1572,-0.15716666666666868,0,1,0,1,1.0,1.0,True,,False,,invariant (D-2),n/a (raw lead carries no gate)
ONGC,three_sigma,3σ Rule (σ=3.0),raw,1,1,0,-0.0117,-0.011666666666670267,0,1,0,1,1.0,1.0,True,,False,,invariant (D-2),n/a (raw lead carries no gate)
ONGC,transformer_ad,Transformer-AD,raw,1,1,0,+0.0039,0.0038888888888877204,1,0,0,1,1.0,1.0,True,,False,,invariant (D-2),n/a (raw lead carries no gate)
XJTU-SY,cusum,"CUSUM (k=0.5, h=5.0)",raw,10,10,0,"+0.0000, -0.0200, +0.0000, +0.0000, +0.0000, +0.0500, -0.0333, +0.0000, +0.0000, +0.0000",0.0,1,2,7,3,0.25,1.0,False,1.0,False,44.0,invariant (D-2),n/a (raw lead carries no gate)
XJTU-SY,deep_svdd,Deep SVDD,raw,10,10,0,"+0.0667, +0.0000, +0.0000, -0.1700, +0.0000, +0.0000, +0.1333, -0.0067, +0.0000, +0.1267",0.0,3,2,5,5,0.0625,1.0,False,1.0,False,44.0,invariant (D-2),n/a (raw lead carries no gate)
XJTU-SY,ewma,"EWMA (λ=0.2, k=3.0)",raw,10,10,0,"+0.0000, -0.0333, +0.0000, +0.0000, +0.0000, -0.0167, +0.0133, +0.0133, +0.0000, +0.0000",0.0,2,2,6,4,0.125,1.0,False,1.0,False,44.0,invariant (D-2),n/a (raw lead carries no gate)
XJTU-SY,hotelling_t2,Hotelling T²,raw,10,10,0,"+0.0000, +0.0333, +0.0000, +0.0000, +0.0000, +0.8433, +0.0000, +0.0000, +0.0000, +0.0000",0.0,2,0,8,2,0.5,0.5,True,1.0,False,44.0,invariant (D-2),n/a (raw lead carries no gate)
XJTU-SY,isolation_forest,Isolation Forest,raw,10,10,0,"+0.0000, -0.0567, +0.0417, -0.1167, -0.2444, -0.1167, -0.2333, +0.0133, -0.0889, -0.2000",-0.10277777777777772,2,7,1,9,0.00390625,0.1796875,False,1.0,False,44.0,invariant (D-2),n/a (raw lead carries no gate)
XJTU-SY,lstm_ae,LSTM-Autoencoder,raw,3,3,0,"+0.1667, +0.0000, +0.0000",0.0,1,0,2,1,1.0,1.0,True,1.0,False,44.0,invariant (D-2),n/a (raw lead carries no gate)
XJTU-SY,one_class_svm,One-Class SVM (nu=0.05),raw,10,10,0,"+0.0000, +0.0000, +0.0000, +0.0000, +0.0000, +0.0633, +0.0000, +0.0000, +0.0000, +0.0000",0.0,1,0,9,1,1.0,1.0,True,1.0,False,44.0,invariant (D-2),n/a (raw lead carries no gate)
XJTU-SY,rms_trend,RMS-Trend (kσ),raw,10,10,0,"+0.0000, +0.0000, +0.0500, -0.1667, +0.0000, +0.0000, +0.0000, +0.0333, +0.0000, -0.0667",0.0,2,2,6,4,0.125,1.0,False,1.0,False,44.0,invariant (D-2),n/a (raw lead carries no gate)
XJTU-SY,tcn,TCN-Autoencoder,raw,3,3,0,"+0.0000, +0.0000, +0.0000",0.0,0,0,3,0,1.0,1.0,False,1.0,False,44.0,invariant (D-2),n/a (raw lead carries no gate)
XJTU-SY,three_sigma,3σ Rule (σ=3.0),raw,10,10,0,"+0.0000, +0.0333, +0.0000, +0.1533, +0.0000, +0.1167, -0.0033, +0.0000, +0.0000, +0.0000",0.0,3,1,6,4,0.125,0.625,False,1.0,False,44.0,invariant (D-2),n/a (raw lead carries no gate)
XJTU-SY,transformer_ad,Transformer-AD,raw,3,3,0,"+0.0000, +0.0000, +0.0000",0.0,0,0,3,0,1.0,1.0,False,1.0,False,44.0,invariant (D-2),n/a (raw lead carries no gate)
FEMTO,cusum,"CUSUM (k=0.5, h=5.0)",gated_D7,6,6,0,"+0.2700, +0.1622, +0.0000, +0.0000, +0.0000, +0.0711",0.035555555555555556,3,0,3,3,0.25,0.25,True,1.0,False,44.0,invariant (D-2),D-7: empty pre-onset region or no onset = unscoreable; excluded from the denominator and never counted valid
FEMTO,deep_svdd,Deep SVDD,gated_D7,6,6,0,"-0.0167, +0.0000, -0.0361, +0.0000, -0.0078, +0.0089",-0.0038888888888888827,1,3,2,4,0.125,0.625,False,1.0,False,44.0,invariant (D-2),D-7: empty pre-onset region or no onset = unscoreable; excluded from the denominator and never counted valid
FEMTO,ewma,"EWMA (λ=0.2, k=3.0)",gated_D7,6,6,0,"+0.1422, +0.0150, +0.0000, +0.0000, +0.0000, +0.1972",0.0075,3,0,3,3,0.25,0.25,True,1.0,False,44.0,invariant (D-2),D-7: empty pre-onset region or no onset = unscoreable; excluded from the denominator and never counted valid
FEMTO,hotelling_t2,Hotelling T²,gated_D7,6,6,0,"+0.0000, +0.1328, +0.0000, +0.0000, -0.0183, +0.0000",0.0,1,1,4,2,0.5,1.0,False,1.0,False,44.0,invariant (D-2),D-7: empty pre-onset region or no onset = unscoreable; excluded from the denominator and never counted valid
FEMTO,isolation_forest,Isolation Forest,gated_D7,6,6,0,"+0.5200, +0.2500, +0.0000, +0.0000, +0.0111, +0.2350",0.12305555555555556,4,0,2,4,0.125,0.125,True,1.0,False,44.0,invariant (D-2),D-7: empty pre-onset region or no onset = unscoreable; excluded from the denominator and never counted valid
FEMTO,lstm_ae,LSTM-Autoencoder,gated_D7,6,6,0,"+0.0000, +0.3049, +0.0000, +0.0000, +0.0074, +0.0000",0.0,2,0,4,2,0.5,0.5,True,1.0,False,44.0,invariant (D-2),D-7: empty pre-onset region or no onset = unscoreable; excluded from the denominator and never counted valid
FEMTO,one_class_svm,One-Class SVM (nu=0.05),gated_D7,6,6,0,"-0.2167, +0.0000, +0.0000, +0.0000, +0.0000, -0.1133",0.0,0,2,4,2,0.5,0.5,True,1.0,False,44.0,invariant (D-2),D-7: empty pre-onset region or no onset = unscoreable; excluded from the denominator and never counted valid
FEMTO,rms_trend,RMS-Trend (kσ),gated_D7,6,6,0,"-0.1083, +0.0000, -0.0444, +0.0061, +0.0000, -0.0961",-0.022222222222222227,1,3,2,4,0.125,0.625,False,1.0,False,44.0,invariant (D-2),D-7: empty pre-onset region or no onset = unscoreable; excluded from the denominator and never counted valid
FEMTO,tcn,TCN-Autoencoder,gated_D7,6,6,0,"+0.0000, +0.0000, +0.0000, +0.0000, -0.0241, +0.0000",0.0,0,1,5,1,1.0,1.0,True,1.0,False,44.0,invariant (D-2),D-7: empty pre-onset region or no onset = unscoreable; excluded from the denominator and never counted valid
FEMTO,three_sigma,3σ Rule (σ=3.0),gated_D7,6,6,0,"-0.0000, +0.0667, +0.0000, +0.0000, -0.0189, +0.2411",0.0,2,2,2,4,0.125,1.0,False,1.0,False,44.0,invariant (D-2),D-7: empty pre-onset region or no onset = unscoreable; excluded from the denominator and never counted valid
FEMTO,transformer_ad,Transformer-AD,gated_D7,6,6,0,"+0.0000, +0.0674, +0.0000, +0.0000, -0.0241, +0.0000",0.0,1,1,4,2,0.5,1.0,False,1.0,False,44.0,invariant (D-2),D-7: empty pre-onset region or no onset = unscoreable; excluded from the denominator and never counted valid
Ferrara,cusum,"CUSUM (k=0.5, h=5.0)",gated_D7,6,5,1,"+0.0083, +0.0069, -0.0244, -0.0181, -0.0931",-0.018055555555555547,2,3,0,5,0.0625,1.0,False,1.0,False,44.0,invariant (D-2),D-7: empty pre-onset region or no onset = unscoreable; excluded from the denominator and never counted valid
Ferrara,deep_svdd,Deep SVDD,gated_D7,6,5,1,"+0.0042, -0.0239, +0.0000, -0.0014, -0.0044",-0.001388888888888884,1,3,1,4,0.125,0.625,False,1.0,False,44.0,invariant (D-2),D-7: empty pre-onset region or no onset = unscoreable; excluded from the denominator and never counted valid
Ferrara,ewma,"EWMA (λ=0.2, k=3.0)",gated_D7,6,5,1,"-1.1322, +0.0067, -0.0231, -0.0253, -0.0978",-0.025277777777777788,1,4,0,5,0.0625,0.375,False,1.0,False,44.0,invariant (D-2),D-7: empty pre-onset region or no onset = unscoreable; excluded from the denominator and never counted valid
Ferrara,hotelling_t2,Hotelling T²,gated_D7,6,5,1,"-0.7417, +0.1681, +0.0000, -0.2889, +0.0000",0.0,1,2,2,3,0.25,1.0,False,1.0,False,44.0,invariant (D-2),D-7: empty pre-onset region or no onset = unscoreable; excluded from the denominator and never counted valid
Ferrara,isolation_forest,Isolation Forest,gated_D7,6,5,1,"-0.9694, +0.0472, -0.0175, -0.2347, +0.0000",-0.0175,1,3,1,4,0.125,0.625,False,1.0,False,44.0,invariant (D-2),D-7: empty pre-onset region or no onset = unscoreable; excluded from the denominator and never counted valid
Ferrara,lstm_ae,LSTM-Autoencoder,gated_D7,6,5,1,"+0.2950, +0.0000, +0.0023, +0.0000, +0.0000",0.0,2,0,3,2,0.5,0.5,True,1.0,False,44.0,invariant (D-2),D-7: empty pre-onset region or no onset = unscoreable; excluded from the denominator and never counted valid
Ferrara,one_class_svm,One-Class SVM (nu=0.05),gated_D7,6,5,1,"+0.4311, +0.0000, +0.0000, -0.1056, +0.0000",0.0,1,1,3,2,0.5,1.0,False,1.0,False,44.0,invariant (D-2),D-7: empty pre-onset region or no onset = unscoreable; excluded from the denominator and never counted valid
Ferrara,rms_trend,RMS-Trend (kσ),gated_D7,6,5,1,"+0.0228, +0.0156, -0.0056, +0.0028, +0.0328",0.015555555555555559,4,1,0,5,0.0625,0.375,False,1.0,False,44.0,invariant (D-2),D-7: empty pre-onset region or no onset = unscoreable; excluded from the denominator and never counted valid
Ferrara,tcn,TCN-Autoencoder,gated_D7,6,5,1,"+0.2950, +0.0000, +0.0023, +0.0000, +0.0000",0.0,2,0,3,2,0.5,0.5,True,1.0,False,44.0,invariant (D-2),D-7: empty pre-onset region or no onset = unscoreable; excluded from the denominator and never counted valid
Ferrara,three_sigma,3σ Rule (σ=3.0),gated_D7,6,5,1,"-0.8583, -0.0319, -0.0475, -0.2569, +0.0292",-0.0475,1,4,0,5,0.0625,0.375,False,1.0,False,44.0,invariant (D-2),D-7: empty pre-onset region or no onset = unscoreable; excluded from the denominator and never counted valid
Ferrara,transformer_ad,Transformer-AD,gated_D7,6,5,1,"+0.0339, +0.0000, +0.0023, -0.0189, +0.0000",0.0,2,1,2,3,0.25,1.0,False,1.0,False,44.0,invariant (D-2),D-7: empty pre-onset region or no onset = unscoreable; excluded from the denominator and never counted valid
IMS,cusum,"CUSUM (k=0.5, h=5.0)",gated_D7,3,3,0,"+0.0000, +5.7778, +4.2667",4.266666666666669,2,0,1,2,0.5,0.5,True,1.0,False,44.0,invariant (D-2),D-7: empty pre-onset region or no onset = unscoreable; excluded from the denominator and never counted valid
IMS,deep_svdd,Deep SVDD,gated_D7,3,3,0,"+8.9298, +0.0000, +0.0000",0.0,1,0,2,1,1.0,1.0,True,1.0,False,44.0,invariant (D-2),D-7: empty pre-onset region or no onset = unscoreable; excluded from the denominator and never counted valid
IMS,ewma,"EWMA (λ=0.2, k=3.0)",gated_D7,3,3,0,"+0.0000, +6.0000, +2.1000",2.1000000000000014,2,0,1,2,0.5,0.5,True,1.0,False,44.0,invariant (D-2),D-7: empty pre-onset region or no onset = unscoreable; excluded from the denominator and never counted valid
IMS,hotelling_t2,Hotelling T²,gated_D7,3,3,0,"+0.0000, +3.5000, +51.5700",3.5,2,0,1,2,0.5,0.5,True,1.0,False,44.0,invariant (D-2),D-7: empty pre-onset region or no onset = unscoreable; excluded from the denominator and never counted valid
IMS,isolation_forest,Isolation Forest,gated_D7,3,3,0,"+0.0000, +22.4111, +3.4333",3.4333333333333336,2,0,1,2,0.5,0.5,True,1.0,False,44.0,invariant (D-2),D-7: empty pre-onset region or no onset = unscoreable; excluded from the denominator and never counted valid
IMS,lstm_ae,LSTM-Autoencoder,gated_D7,3,3,0,"+0.0000, +0.0000, +0.0000",0.0,0,0,3,0,1.0,1.0,False,1.0,False,44.0,invariant (D-2),D-7: empty pre-onset region or no onset = unscoreable; excluded from the denominator and never counted valid
IMS,one_class_svm,One-Class SVM (nu=0.05),gated_D7,3,3,0,"+0.0000, +0.0000, -0.8333",0.0,0,1,2,1,1.0,1.0,True,1.0,False,44.0,invariant (D-2),D-7: empty pre-onset region or no onset = unscoreable; excluded from the denominator and never counted valid
IMS,rms_trend,RMS-Trend (kσ),gated_D7,3,3,0,"+0.0000, +0.0000, +2.3667",0.0,1,0,2,1,1.0,1.0,True,1.0,False,44.0,invariant (D-2),D-7: empty pre-onset region or no onset = unscoreable; excluded from the denominator and never counted valid
IMS,tcn,TCN-Autoencoder,gated_D7,3,3,0,"+0.0000, +0.0000, +0.0000",0.0,0,0,3,0,1.0,1.0,False,1.0,False,44.0,invariant (D-2),D-7: empty pre-onset region or no onset = unscoreable; excluded from the denominator and never counted valid
IMS,three_sigma,3σ Rule (σ=3.0),gated_D7,3,3,0,"+0.0000, +18.3222, -1.0000",0.0,1,1,1,2,0.5,1.0,False,1.0,False,44.0,invariant (D-2),D-7: empty pre-onset region or no onset = unscoreable; excluded from the denominator and never counted valid
IMS,transformer_ad,Transformer-AD,gated_D7,3,3,0,"+0.0000, +0.0000, +0.0000",0.0,0,0,3,0,1.0,1.0,False,1.0,False,44.0,invariant (D-2),D-7: empty pre-onset region or no onset = unscoreable; excluded from the denominator and never counted valid
ONGC,cusum,"CUSUM (k=0.5, h=5.0)",gated_D7,1,1,0,+0.0000,0.0,0,0,1,0,1.0,1.0,False,,False,,invariant (D-2),D-7: empty pre-onset region or no onset = unscoreable; excluded from the denominator and never counted valid
ONGC,deep_svdd,Deep SVDD,gated_D7,1,1,0,+0.0122,0.0122222222222222,1,0,0,1,1.0,1.0,True,,False,,invariant (D-2),D-7: empty pre-onset region or no onset = unscoreable; excluded from the denominator and never counted valid
ONGC,ewma,"EWMA (λ=0.2, k=3.0)",gated_D7,1,1,0,+0.0000,0.0,0,0,1,0,1.0,1.0,False,,False,,invariant (D-2),D-7: empty pre-onset region or no onset = unscoreable; excluded from the denominator and never counted valid
ONGC,hotelling_t2,Hotelling T²,gated_D7,1,1,0,+6.9789,6.978888888888889,1,0,0,1,1.0,1.0,True,,False,,invariant (D-2),D-7: empty pre-onset region or no onset = unscoreable; excluded from the denominator and never counted valid
ONGC,isolation_forest,Isolation Forest,gated_D7,1,1,0,+0.0000,0.0,0,0,1,0,1.0,1.0,False,,False,,invariant (D-2),D-7: empty pre-onset region or no onset = unscoreable; excluded from the denominator and never counted valid
ONGC,lstm_ae,LSTM-Autoencoder,gated_D7,1,1,0,+0.0000,0.0,0,0,1,0,1.0,1.0,False,,False,,invariant (D-2),D-7: empty pre-onset region or no onset = unscoreable; excluded from the denominator and never counted valid
ONGC,one_class_svm,One-Class SVM (nu=0.05),gated_D7,1,1,0,+0.0000,0.0,0,0,1,0,1.0,1.0,False,,False,,invariant (D-2),D-7: empty pre-onset region or no onset = unscoreable; excluded from the denominator and never counted valid
ONGC,rms_trend,RMS-Trend (kσ),gated_D7,1,1,0,+4.5746,4.574611111111114,1,0,0,1,1.0,1.0,True,,False,,invariant (D-2),D-7: empty pre-onset region or no onset = unscoreable; excluded from the denominator and never counted valid
ONGC,tcn,TCN-Autoencoder,gated_D7,1,1,0,+0.0000,0.0,0,0,1,0,1.0,1.0,False,,False,,invariant (D-2),D-7: empty pre-onset region or no onset = unscoreable; excluded from the denominator and never counted valid
ONGC,three_sigma,3σ Rule (σ=3.0),gated_D7,1,1,0,+0.0000,0.0,0,0,1,0,1.0,1.0,False,,False,,invariant (D-2),D-7: empty pre-onset region or no onset = unscoreable; excluded from the denominator and never counted valid
ONGC,transformer_ad,Transformer-AD,gated_D7,1,1,0,+0.0000,0.0,0,0,1,0,1.0,1.0,False,,False,,invariant (D-2),D-7: empty pre-onset region or no onset = unscoreable; excluded from the denominator and never counted valid
XJTU-SY,cusum,"CUSUM (k=0.5, h=5.0)",gated_D7,10,7,3,"+0.0000, +0.0000, +0.0000, +0.0000, -0.1167, +0.0000, +0.0000",0.0,0,1,6,1,1.0,1.0,True,1.0,False,44.0,invariant (D-2),D-7: empty pre-onset region or no onset = unscoreable; excluded from the denominator and never counted valid
XJTU-SY,deep_svdd,Deep SVDD,gated_D7,10,7,3,"+0.0000, +0.0000, -0.2125, +0.0000, +0.0000, -0.0067, +0.0000",0.0,0,2,5,2,0.5,0.5,True,1.0,False,44.0,invariant (D-2),D-7: empty pre-onset region or no onset = unscoreable; excluded from the denominator and never counted valid
XJTU-SY,ewma,"EWMA (λ=0.2, k=3.0)",gated_D7,10,7,3,"+0.0000, +0.0000, +0.0000, +0.0000, -0.1167, -0.6933, +0.0000",0.0,0,2,5,2,0.5,0.5,True,1.0,False,44.0,invariant (D-2),D-7: empty pre-onset region or no onset = unscoreable; excluded from the denominator and never counted valid
XJTU-SY,hotelling_t2,Hotelling T²,gated_D7,10,7,3,"+0.0000, +0.0000, +0.0000, +0.0000, -0.2733, +0.0000, +0.0000",0.0,0,1,6,1,1.0,1.0,True,1.0,False,44.0,invariant (D-2),D-7: empty pre-onset region or no onset = unscoreable; excluded from the denominator and never counted valid
XJTU-SY,isolation_forest,Isolation Forest,gated_D7,10,7,3,"+0.0000, -0.9500, +0.0458, +0.0000, -0.1167, +0.0133, +0.0000",0.0,2,2,3,4,0.125,1.0,False,1.0,False,44.0,invariant (D-2),D-7: empty pre-onset region or no onset = unscoreable; excluded from the denominator and never counted valid
XJTU-SY,lstm_ae,LSTM-Autoencoder,gated_D7,3,2,1,"-0.2500, +0.0000",-0.125,0,1,1,1,1.0,1.0,True,1.0,False,44.0,invariant (D-2),D-7: empty pre-onset region or no onset = unscoreable; excluded from the denominator and never counted valid
XJTU-SY,one_class_svm,One-Class SVM (nu=0.05),gated_D7,10,7,3,"+0.0000, +0.0000, +0.0000, +0.0000, +0.0000, +0.0000, +0.0000",0.0,0,0,7,0,1.0,1.0,False,1.0,False,44.0,invariant (D-2),D-7: empty pre-onset region or no onset = unscoreable; excluded from the denominator and never counted valid
XJTU-SY,rms_trend,RMS-Trend (kσ),gated_D7,10,7,3,"+0.0000, +0.0000, -0.1250, +0.0000, +0.0000, +0.0333, +0.0000",0.0,1,1,5,2,0.5,1.0,False,1.0,False,44.0,invariant (D-2),D-7: empty pre-onset region or no onset = unscoreable; excluded from the denominator and never counted valid
XJTU-SY,tcn,TCN-Autoencoder,gated_D7,3,2,1,"+0.0000, +0.0000",0.0,0,0,2,0,1.0,1.0,False,1.0,False,44.0,invariant (D-2),D-7: empty pre-onset region or no onset = unscoreable; excluded from the denominator and never counted valid
XJTU-SY,three_sigma,3σ Rule (σ=3.0),gated_D7,10,7,3,"+0.0000, +0.0000, +0.0000, +0.0000, -0.1167, +0.0000, +0.0000",0.0,0,1,6,1,1.0,1.0,True,1.0,False,44.0,invariant (D-2),D-7: empty pre-onset region or no onset = unscoreable; excluded from the denominator and never counted valid
XJTU-SY,transformer_ad,Transformer-AD,gated_D7,3,2,1,"+0.0000, +0.0000",0.0,0,0,2,0,1.0,1.0,False,1.0,False,44.0,invariant (D-2),D-7: empty pre-onset region or no onset = unscoreable; excluded from the denominator and never counted valid
FEMTO,cusum,"CUSUM (k=0.5, h=5.0)",gated_strict,6,6,0,"+0.2700, +0.1622, +0.0000, +0.0000, +0.0000, +0.0711",0.035555555555555556,3,0,3,3,0.25,0.25,True,1.0,False,44.0,invariant (D-2),strict Eq. 5: unscoreable counted invalid (L = 0)
FEMTO,deep_svdd,Deep SVDD,gated_strict,6,6,0,"-0.0167, +0.0000, -0.0361, +0.0000, -0.0078, +0.0089",-0.0038888888888888827,1,3,2,4,0.125,0.625,False,1.0,False,44.0,invariant (D-2),strict Eq. 5: unscoreable counted invalid (L = 0)
FEMTO,ewma,"EWMA (λ=0.2, k=3.0)",gated_strict,6,6,0,"+0.1422, +0.0150, +0.0000, +0.0000, +0.0000, +0.1972",0.0075,3,0,3,3,0.25,0.25,True,1.0,False,44.0,invariant (D-2),strict Eq. 5: unscoreable counted invalid (L = 0)
FEMTO,hotelling_t2,Hotelling T²,gated_strict,6,6,0,"+0.0000, +0.1328, +0.0000, +0.0000, -0.0183, +0.0000",0.0,1,1,4,2,0.5,1.0,False,1.0,False,44.0,invariant (D-2),strict Eq. 5: unscoreable counted invalid (L = 0)
FEMTO,isolation_forest,Isolation Forest,gated_strict,6,6,0,"+0.5200, +0.2500, +0.0000, +0.0000, +0.0111, +0.2350",0.12305555555555556,4,0,2,4,0.125,0.125,True,1.0,False,44.0,invariant (D-2),strict Eq. 5: unscoreable counted invalid (L = 0)
FEMTO,lstm_ae,LSTM-Autoencoder,gated_strict,6,6,0,"+0.0000, +0.3049, +0.0000, +0.0000, +0.0074, +0.0000",0.0,2,0,4,2,0.5,0.5,True,1.0,False,44.0,invariant (D-2),strict Eq. 5: unscoreable counted invalid (L = 0)
FEMTO,one_class_svm,One-Class SVM (nu=0.05),gated_strict,6,6,0,"-0.2167, +0.0000, +0.0000, +0.0000, +0.0000, -0.1133",0.0,0,2,4,2,0.5,0.5,True,1.0,False,44.0,invariant (D-2),strict Eq. 5: unscoreable counted invalid (L = 0)
FEMTO,rms_trend,RMS-Trend (kσ),gated_strict,6,6,0,"-0.1083, +0.0000, -0.0444, +0.0061, +0.0000, -0.0961",-0.022222222222222227,1,3,2,4,0.125,0.625,False,1.0,False,44.0,invariant (D-2),strict Eq. 5: unscoreable counted invalid (L = 0)
FEMTO,tcn,TCN-Autoencoder,gated_strict,6,6,0,"+0.0000, +0.0000, +0.0000, +0.0000, -0.0241, +0.0000",0.0,0,1,5,1,1.0,1.0,True,1.0,False,44.0,invariant (D-2),strict Eq. 5: unscoreable counted invalid (L = 0)
FEMTO,three_sigma,3σ Rule (σ=3.0),gated_strict,6,6,0,"-0.0000, +0.0667, +0.0000, +0.0000, -0.0189, +0.2411",0.0,2,2,2,4,0.125,1.0,False,1.0,False,44.0,invariant (D-2),strict Eq. 5: unscoreable counted invalid (L = 0)
FEMTO,transformer_ad,Transformer-AD,gated_strict,6,6,0,"+0.0000, +0.0674, +0.0000, +0.0000, -0.0241, +0.0000",0.0,1,1,4,2,0.5,1.0,False,1.0,False,44.0,invariant (D-2),strict Eq. 5: unscoreable counted invalid (L = 0)
Ferrara,cusum,"CUSUM (k=0.5, h=5.0)",gated_strict,6,6,0,"+0.0083, +0.0069, +0.0000, -0.0244, -0.0181, -0.0931",-0.009027777777777773,2,3,1,5,0.0625,1.0,False,1.0,False,44.0,invariant (D-2),strict Eq. 5: unscoreable counted invalid (L = 0)
Ferrara,deep_svdd,Deep SVDD,gated_strict,6,6,0,"+0.0042, -0.0239, +0.0000, +0.0000, -0.0014, -0.0044",-0.000694444444444442,1,3,2,4,0.125,0.625,False,1.0,False,44.0,invariant (D-2),strict Eq. 5: unscoreable counted invalid (L = 0)
Ferrara,ewma,"EWMA (λ=0.2, k=3.0)",gated_strict,6,6,0,"-1.1322, +0.0067, +0.0000, -0.0231, -0.0253, -0.0978",-0.024166666666666677,1,4,1,5,0.0625,0.375,False,1.0,False,44.0,invariant (D-2),strict Eq. 5: unscoreable counted invalid (L = 0)
Ferrara,hotelling_t2,Hotelling T²,gated_strict,6,6,0,"-0.7417, +0.1681, +0.0000, +0.0000, -0.2889, +0.0000",0.0,1,2,3,3,0.25,1.0,False,1.0,False,44.0,invariant (D-2),strict Eq. 5: unscoreable counted invalid (L = 0)
Ferrara,isolation_forest,Isolation Forest,gated_strict,6,6,0,"-0.9694, +0.0472, +0.0000, -0.0175, -0.2347, +0.0000",-0.00875,1,3,2,4,0.125,0.625,False,1.0,False,44.0,invariant (D-2),strict Eq. 5: unscoreable counted invalid (L = 0)
Ferrara,lstm_ae,LSTM-Autoencoder,gated_strict,6,6,0,"+0.2950, +0.0000, +0.0000, +0.0023, +0.0000, +0.0000",0.0,2,0,4,2,0.5,0.5,True,1.0,False,44.0,invariant (D-2),strict Eq. 5: unscoreable counted invalid (L = 0)
Ferrara,one_class_svm,One-Class SVM (nu=0.05),gated_strict,6,6,0,"+0.4311, +0.0000, +0.0000, +0.0000, -0.1056, +0.0000",0.0,1,1,4,2,0.5,1.0,False,1.0,False,44.0,invariant (D-2),strict Eq. 5: unscoreable counted invalid (L = 0)
Ferrara,rms_trend,RMS-Trend (kσ),gated_strict,6,6,0,"+0.0228, +0.0156, +0.0000, -0.0056, +0.0028, +0.0328",0.00916666666666667,4,1,1,5,0.0625,0.375,False,1.0,False,44.0,invariant (D-2),strict Eq. 5: unscoreable counted invalid (L = 0)
Ferrara,tcn,TCN-Autoencoder,gated_strict,6,6,0,"+0.2950, +0.0000, +0.0000, +0.0023, +0.0000, +0.0000",0.0,2,0,4,2,0.5,0.5,True,1.0,False,44.0,invariant (D-2),strict Eq. 5: unscoreable counted invalid (L = 0)
Ferrara,three_sigma,3σ Rule (σ=3.0),gated_strict,6,6,0,"-0.8583, -0.0319, +0.0000, -0.0475, -0.2569, +0.0292",-0.03972222222222222,1,4,1,5,0.0625,0.375,False,1.0,False,44.0,invariant (D-2),strict Eq. 5: unscoreable counted invalid (L = 0)
Ferrara,transformer_ad,Transformer-AD,gated_strict,6,6,0,"+0.0339, +0.0000, +0.0000, +0.0023, -0.0189, +0.0000",0.0,2,1,3,3,0.25,1.0,False,1.0,False,44.0,invariant (D-2),strict Eq. 5: unscoreable counted invalid (L = 0)
IMS,cusum,"CUSUM (k=0.5, h=5.0)",gated_strict,3,3,0,"+0.0000, -15.8667, +4.2667",0.0,1,1,1,2,0.5,1.0,False,1.0,False,44.0,invariant (D-2),strict Eq. 5: unscoreable counted invalid (L = 0)
IMS,deep_svdd,Deep SVDD,gated_strict,3,3,0,"+8.9298, +0.0000, +0.0000",0.0,1,0,2,1,1.0,1.0,True,1.0,False,44.0,invariant (D-2),strict Eq. 5: unscoreable counted invalid (L = 0)
IMS,ewma,"EWMA (λ=0.2, k=3.0)",gated_strict,3,3,0,"+0.0000, -16.2000, +2.1000",0.0,1,1,1,2,0.5,1.0,False,1.0,False,44.0,invariant (D-2),strict Eq. 5: unscoreable counted invalid (L = 0)
IMS,hotelling_t2,Hotelling T²,gated_strict,3,3,0,"+0.0000, -19.3667, +51.5700",0.0,1,1,1,2,0.5,1.0,False,1.0,False,44.0,invariant (D-2),strict Eq. 5: unscoreable counted invalid (L = 0)
IMS,isolation_forest,Isolation Forest,gated_strict,3,3,0,"+0.0000, +5.7667, +3.4333",3.4333333333333336,2,0,1,2,0.5,0.5,True,1.0,False,44.0,invariant (D-2),strict Eq. 5: unscoreable counted invalid (L = 0)
IMS,lstm_ae,LSTM-Autoencoder,gated_strict,3,3,0,"+0.0000, +0.0000, +0.0000",0.0,0,0,3,0,1.0,1.0,False,1.0,False,44.0,invariant (D-2),strict Eq. 5: unscoreable counted invalid (L = 0)
IMS,one_class_svm,One-Class SVM (nu=0.05),gated_strict,3,3,0,"+0.0000, +0.0000, -0.8333",0.0,0,1,2,1,1.0,1.0,True,1.0,False,44.0,invariant (D-2),strict Eq. 5: unscoreable counted invalid (L = 0)
IMS,rms_trend,RMS-Trend (kσ),gated_strict,3,3,0,"+0.0000, +0.0000, +2.3667",0.0,1,0,2,1,1.0,1.0,True,1.0,False,44.0,invariant (D-2),strict Eq. 5: unscoreable counted invalid (L = 0)
IMS,tcn,TCN-Autoencoder,gated_strict,3,3,0,"+0.0000, +0.0000, +0.0000",0.0,0,0,3,0,1.0,1.0,False,1.0,False,44.0,invariant (D-2),strict Eq. 5: unscoreable counted invalid (L = 0)
IMS,three_sigma,3σ Rule (σ=3.0),gated_strict,3,3,0,"+0.0000, -5.4333, -1.0000",-1.000000000000007,0,2,1,2,0.5,0.5,True,1.0,False,44.0,invariant (D-2),strict Eq. 5: unscoreable counted invalid (L = 0)
IMS,transformer_ad,Transformer-AD,gated_strict,3,3,0,"+0.0000, +0.0000, +0.0000",0.0,0,0,3,0,1.0,1.0,False,1.0,False,44.0,invariant (D-2),strict Eq. 5: unscoreable counted invalid (L = 0)
ONGC,cusum,"CUSUM (k=0.5, h=5.0)",gated_strict,1,1,0,+0.0000,0.0,0,0,1,0,1.0,1.0,False,,False,,invariant (D-2),strict Eq. 5: unscoreable counted invalid (L = 0)
ONGC,deep_svdd,Deep SVDD,gated_strict,1,1,0,+0.0122,0.0122222222222222,1,0,0,1,1.0,1.0,True,,False,,invariant (D-2),strict Eq. 5: unscoreable counted invalid (L = 0)
ONGC,ewma,"EWMA (λ=0.2, k=3.0)",gated_strict,1,1,0,+0.0000,0.0,0,0,1,0,1.0,1.0,False,,False,,invariant (D-2),strict Eq. 5: unscoreable counted invalid (L = 0)
ONGC,hotelling_t2,Hotelling T²,gated_strict,1,1,0,+6.9789,6.978888888888889,1,0,0,1,1.0,1.0,True,,False,,invariant (D-2),strict Eq. 5: unscoreable counted invalid (L = 0)
ONGC,isolation_forest,Isolation Forest,gated_strict,1,1,0,+0.0000,0.0,0,0,1,0,1.0,1.0,False,,False,,invariant (D-2),strict Eq. 5: unscoreable counted invalid (L = 0)
ONGC,lstm_ae,LSTM-Autoencoder,gated_strict,1,1,0,+0.0000,0.0,0,0,1,0,1.0,1.0,False,,False,,invariant (D-2),strict Eq. 5: unscoreable counted invalid (L = 0)
ONGC,one_class_svm,One-Class SVM (nu=0.05),gated_strict,1,1,0,+0.0000,0.0,0,0,1,0,1.0,1.0,False,,False,,invariant (D-2),strict Eq. 5: unscoreable counted invalid (L = 0)
ONGC,rms_trend,RMS-Trend (kσ),gated_strict,1,1,0,+4.5746,4.574611111111114,1,0,0,1,1.0,1.0,True,,False,,invariant (D-2),strict Eq. 5: unscoreable counted invalid (L = 0)
ONGC,tcn,TCN-Autoencoder,gated_strict,1,1,0,+0.0000,0.0,0,0,1,0,1.0,1.0,False,,False,,invariant (D-2),strict Eq. 5: unscoreable counted invalid (L = 0)
ONGC,three_sigma,3σ Rule (σ=3.0),gated_strict,1,1,0,+0.0000,0.0,0,0,1,0,1.0,1.0,False,,False,,invariant (D-2),strict Eq. 5: unscoreable counted invalid (L = 0)
ONGC,transformer_ad,Transformer-AD,gated_strict,1,1,0,+0.0000,0.0,0,0,1,0,1.0,1.0,False,,False,,invariant (D-2),strict Eq. 5: unscoreable counted invalid (L = 0)
XJTU-SY,cusum,"CUSUM (k=0.5, h=5.0)",gated_strict,10,10,0,"+0.0000, +0.0000, +0.0000, +0.0000, +0.0000, -0.1167, +0.0000, +0.0000, +0.0000, +0.0000",0.0,0,1,9,1,1.0,1.0,True,1.0,False,44.0,invariant (D-2),strict Eq. 5: unscoreable counted invalid (L = 0)
XJTU-SY,deep_svdd,Deep SVDD,gated_strict,10,10,0,"+0.0000, +0.0000, +0.0000, -0.1700, +0.0000, +0.0000, +0.0000, -0.0067, +0.0000, +0.0000",0.0,0,2,8,2,0.5,0.5,True,1.0,False,44.0,invariant (D-2),strict Eq. 5: unscoreable counted invalid (L = 0)
XJTU-SY,ewma,"EWMA (λ=0.2, k=3.0)",gated_strict,10,10,0,"+0.0000, +0.0000, +0.0000, +0.0000, +0.0000, -0.1167, +0.0000, -0.6933, +0.0000, +0.0000",0.0,0,2,8,2,0.5,0.5,True,1.0,False,44.0,invariant (D-2),strict Eq. 5: unscoreable counted invalid (L = 0)
XJTU-SY,hotelling_t2,Hotelling T²,gated_strict,10,10,0,"+0.0000, +0.0000, +0.0000, +0.0000, +0.0000, -0.2733, +0.0000, +0.0000, +0.0000, +0.0000",0.0,0,1,9,1,1.0,1.0,True,1.0,False,44.0,invariant (D-2),strict Eq. 5: unscoreable counted invalid (L = 0)
XJTU-SY,isolation_forest,Isolation Forest,gated_strict,10,10,0,"+0.0000, +0.0000, -0.2375, +0.0367, +0.0000, -0.1167, +0.0000, +0.0133, +0.0000, +0.0000",0.0,2,2,6,4,0.125,1.0,False,1.0,False,44.0,invariant (D-2),strict Eq. 5: unscoreable counted invalid (L = 0)
XJTU-SY,lstm_ae,LSTM-Autoencoder,gated_strict,3,3,0,"-0.2500, +0.0000, +0.0000",0.0,0,1,2,1,1.0,1.0,True,1.0,False,44.0,invariant (D-2),strict Eq. 5: unscoreable counted invalid (L = 0)
XJTU-SY,one_class_svm,One-Class SVM (nu=0.05),gated_strict,10,10,0,"+0.0000, +0.0000, +0.0000, +0.0000, +0.0000, +0.0000, +0.0000, +0.0000, +0.0000, +0.0000",0.0,0,0,10,0,1.0,1.0,False,1.0,False,44.0,invariant (D-2),strict Eq. 5: unscoreable counted invalid (L = 0)
XJTU-SY,rms_trend,RMS-Trend (kσ),gated_strict,10,10,0,"+0.0000, +0.0000, +0.0000, -0.1000, +0.0000, +0.0000, +0.0000, +0.0333, +0.0000, +0.0000",0.0,1,1,8,2,0.5,1.0,False,1.0,False,44.0,invariant (D-2),strict Eq. 5: unscoreable counted invalid (L = 0)
XJTU-SY,tcn,TCN-Autoencoder,gated_strict,3,3,0,"+0.0000, +0.0000, +0.0000",0.0,0,0,3,0,1.0,1.0,False,1.0,False,44.0,invariant (D-2),strict Eq. 5: unscoreable counted invalid (L = 0)
XJTU-SY,three_sigma,3σ Rule (σ=3.0),gated_strict,10,10,0,"+0.0000, +0.0000, +0.0000, +0.0000, +0.0000, -0.1167, +0.0000, +0.0000, +0.0000, +0.0000",0.0,0,1,9,1,1.0,1.0,True,1.0,False,44.0,invariant (D-2),strict Eq. 5: unscoreable counted invalid (L = 0)
XJTU-SY,transformer_ad,Transformer-AD,gated_strict,3,3,0,"+0.0000, +0.0000, +0.0000",0.0,0,0,3,0,1.0,1.0,False,1.0,False,44.0,invariant (D-2),strict Eq. 5: unscoreable counted invalid (L = 0)
