dataset,run,seed,method,short_name,mode,factor,effective_interval_min,t_onset,t_fail,max_lead_hours,lead_time_hours,detection_delay_hours,far_preonset_pct,lead_norm,vlt_legacy_hours,far_legacy_pct,valid_alarm,n_test_windows,window_rows,persistence_windows,window_floored,control,onset_method,onset_indicator,feature_mode
IMS,1st_test,42,RMS-Trend (kσ),rms_trend,aggregate,1,50.0,2003-11-25 12:57:00,2003-11-25 23:39:56,10.72,0.0,,0.0,0.0,0.0,0.0,False,172,10,3,False,True,terminal,pca1,"invariant (controlled, D-2)"
IMS,1st_test,42,3σ Rule (σ=3.0),three_sigma,aggregate,1,50.0,2003-11-25 12:57:00,2003-11-25 23:39:56,10.72,108.69888888888889,,42.857142857142854,10.144027374533389,108.69888888888889,0.0,False,172,10,3,False,True,terminal,pca1,"invariant (controlled, D-2)"
IMS,1st_test,42,"EWMA (λ=0.2, k=3.0)",ewma,aggregate,1,50.0,2003-11-25 12:57:00,2003-11-25 23:39:56,10.72,152.23222222222222,,64.28571428571429,14.206656988801328,152.23222222222222,0.0,False,172,10,3,False,True,terminal,pca1,"invariant (controlled, D-2)"
IMS,1st_test,42,"CUSUM (k=0.5, h=5.0)",cusum,aggregate,1,50.0,2003-11-25 12:57:00,2003-11-25 23:39:56,10.72,114.93222222222222,,58.333333333333336,10.72573620904189,114.93222222222222,0.0,False,172,10,3,False,True,terminal,pca1,"invariant (controlled, D-2)"
IMS,1st_test,42,Hotelling T²,hotelling_t2,aggregate,1,50.0,2003-11-25 12:57:00,2003-11-25 23:39:56,10.72,152.23222222222222,,66.07142857142857,14.206656988801328,152.23222222222222,0.0,False,172,10,3,False,True,terminal,pca1,"invariant (controlled, D-2)"
IMS,1st_test,42,Isolation Forest,isolation_forest,aggregate,1,50.0,2003-11-25 12:57:00,2003-11-25 23:39:56,10.72,152.23222222222222,,73.21428571428571,14.206656988801328,152.23222222222222,0.0,False,172,10,3,False,True,terminal,pca1,"invariant (controlled, D-2)"
IMS,1st_test,42,Deep SVDD,deep_svdd,aggregate,1,50.0,2003-11-25 12:57:00,2003-11-25 23:39:56,10.72,34.04888888888889,,1.7857142857142856,3.177519701368727,34.04888888888889,0.0,True,172,10,3,False,True,terminal,pca1,"invariant (controlled, D-2)"
IMS,1st_test,42,LSTM-Autoencoder,lstm_ae,aggregate,1,50.0,2003-11-25 12:57:00,2003-11-25 23:39:56,10.72,195.63222222222223,,100.0,18.25684363334716,0.0,100.0,False,172,10,3,False,True,terminal,pca1,"invariant (controlled, D-2)"
IMS,1st_test,42,TCN-Autoencoder,tcn,aggregate,1,50.0,2003-11-25 12:57:00,2003-11-25 23:39:56,10.72,154.73222222222222,,81.54761904761905,14.439962671090834,154.73222222222222,0.0,False,172,10,3,False,True,terminal,pca1,"invariant (controlled, D-2)"
IMS,1st_test,42,Transformer-AD,transformer_ad,aggregate,1,50.0,2003-11-25 12:57:00,2003-11-25 23:39:56,10.72,153.89888888888888,,80.95238095238095,14.362194110327664,153.89888888888888,0.0,False,172,10,3,False,True,terminal,pca1,"invariant (controlled, D-2)"
IMS,1st_test,42,RMS-Trend (kσ),rms_trend,aggregate,2,100.0,2003-11-25 12:57:00,2003-11-25 23:39:56,10.72,92.89888888888889,,26.190476190476193,8.669535462463708,92.89888888888889,0.0,False,86,10,3,False,True,terminal,pca1,"invariant (controlled, D-2)"
IMS,1st_test,42,3σ Rule (σ=3.0),three_sigma,aggregate,2,100.0,2003-11-25 12:57:00,2003-11-25 23:39:56,10.72,112.43222222222222,,47.61904761904761,10.492430526752385,112.43222222222222,0.0,False,86,10,3,False,True,terminal,pca1,"invariant (controlled, D-2)"
IMS,1st_test,42,"EWMA (λ=0.2, k=3.0)",ewma,aggregate,2,100.0,2003-11-25 12:57:00,2003-11-25 23:39:56,10.72,117.43222222222222,,60.71428571428571,10.959041891331397,117.43222222222222,0.0,False,86,10,3,False,True,terminal,pca1,"invariant (controlled, D-2)"
IMS,1st_test,42,"CUSUM (k=0.5, h=5.0)",cusum,aggregate,2,100.0,2003-11-25 12:57:00,2003-11-25 23:39:56,10.72,114.0988888888889,,58.333333333333336,10.647967648278723,114.0988888888889,0.0,False,86,10,3,False,True,terminal,pca1,"invariant (controlled, D-2)"
IMS,1st_test,42,Hotelling T²,hotelling_t2,aggregate,2,100.0,2003-11-25 12:57:00,2003-11-25 23:39:56,10.72,156.39888888888888,,73.80952380952381,14.59549979261717,156.39888888888888,0.0,False,86,10,3,False,True,terminal,pca1,"invariant (controlled, D-2)"
IMS,1st_test,42,Isolation Forest,isolation_forest,aggregate,2,100.0,2003-11-25 12:57:00,2003-11-25 23:39:56,10.72,148.06555555555556,,66.66666666666666,13.817814184985483,148.06555555555556,0.0,False,86,10,3,False,True,terminal,pca1,"invariant (controlled, D-2)"
IMS,1st_test,42,Deep SVDD,deep_svdd,aggregate,2,100.0,2003-11-25 12:57:00,2003-11-25 23:39:56,10.72,44.64888888888889,,3.571428571428571,4.166735794276234,44.64888888888889,0.0,True,86,10,3,False,True,terminal,pca1,"invariant (controlled, D-2)"
IMS,1st_test,42,LSTM-Autoencoder,lstm_ae,aggregate,2,100.0,2003-11-25 12:57:00,2003-11-25 23:39:56,10.72,194.79888888888888,,100.0,18.179075072583988,0.0,100.0,False,86,10,3,False,True,terminal,pca1,"invariant (controlled, D-2)"
IMS,1st_test,42,TCN-Autoencoder,tcn,aggregate,2,100.0,2003-11-25 12:57:00,2003-11-25 23:39:56,10.72,194.79888888888888,,100.0,18.179075072583988,0.0,100.0,False,86,10,3,False,True,terminal,pca1,"invariant (controlled, D-2)"
IMS,1st_test,42,Transformer-AD,transformer_ad,aggregate,2,100.0,2003-11-25 12:57:00,2003-11-25 23:39:56,10.72,194.79888888888888,,100.0,18.179075072583988,0.0,100.0,False,86,10,3,False,True,terminal,pca1,"invariant (controlled, D-2)"
IMS,1st_test,42,RMS-Trend (kσ),rms_trend,aggregate,5,250.0,2003-11-25 12:57:00,2003-11-25 23:39:56,10.72,0.0,,0.0,0.0,0.0,0.0,False,35,10,3,False,True,terminal,pca1,"invariant (controlled, D-2)"
IMS,1st_test,42,3σ Rule (σ=3.0),three_sigma,aggregate,5,250.0,2003-11-25 12:57:00,2003-11-25 23:39:56,10.72,107.86555555555556,,55.88235294117647,10.06625881377022,107.86555555555556,0.0,False,35,10,3,False,True,terminal,pca1,"invariant (controlled, D-2)"
IMS,1st_test,42,"EWMA (λ=0.2, k=3.0)",ewma,aggregate,5,250.0,2003-11-25 12:57:00,2003-11-25 23:39:56,10.72,114.0988888888889,,58.82352941176471,10.647967648278723,114.0988888888889,0.0,False,35,10,3,False,True,terminal,pca1,"invariant (controlled, D-2)"
IMS,1st_test,42,"CUSUM (k=0.5, h=5.0)",cusum,aggregate,5,250.0,2003-11-25 12:57:00,2003-11-25 23:39:56,10.72,114.0988888888889,,58.82352941176471,10.647967648278723,114.0988888888889,0.0,False,35,10,3,False,True,terminal,pca1,"invariant (controlled, D-2)"
IMS,1st_test,42,Hotelling T²,hotelling_t2,aggregate,5,250.0,2003-11-25 12:57:00,2003-11-25 23:39:56,10.72,154.73222222222222,,79.41176470588235,14.439962671090834,154.73222222222222,0.0,False,35,10,3,False,True,terminal,pca1,"invariant (controlled, D-2)"
IMS,1st_test,42,Isolation Forest,isolation_forest,aggregate,5,250.0,2003-11-25 12:57:00,2003-11-25 23:39:56,10.72,118.26555555555555,,61.76470588235294,11.036810452094565,118.26555555555555,0.0,False,35,10,3,False,True,terminal,pca1,"invariant (controlled, D-2)"
IMS,1st_test,42,Deep SVDD,deep_svdd,aggregate,5,250.0,2003-11-25 12:57:00,2003-11-25 23:39:56,10.72,0.0,,0.0,0.0,0.0,0.0,False,35,10,3,False,True,terminal,pca1,"invariant (controlled, D-2)"
IMS,1st_test,42,LSTM-Autoencoder,lstm_ae,aggregate,5,250.0,2003-11-25 12:57:00,2003-11-25 23:39:56,10.72,194.79888888888888,,100.0,18.179075072583988,0.0,100.0,False,35,10,3,False,True,terminal,pca1,"invariant (controlled, D-2)"
IMS,1st_test,42,TCN-Autoencoder,tcn,aggregate,5,250.0,2003-11-25 12:57:00,2003-11-25 23:39:56,10.72,194.79888888888888,,100.0,18.179075072583988,0.0,100.0,False,35,10,3,False,True,terminal,pca1,"invariant (controlled, D-2)"
IMS,1st_test,42,Transformer-AD,transformer_ad,aggregate,5,250.0,2003-11-25 12:57:00,2003-11-25 23:39:56,10.72,194.79888888888888,,100.0,18.179075072583988,0.0,100.0,False,35,10,3,False,True,terminal,pca1,"invariant (controlled, D-2)"
IMS,1st_test,42,RMS-Trend (kσ),rms_trend,aggregate,10,500.0,2003-11-25 12:57:00,2003-11-25 23:39:56,10.72,0.0,,0.0,0.0,0.0,0.0,False,18,10,3,False,True,terminal,pca1,"invariant (controlled, D-2)"
IMS,1st_test,42,3σ Rule (σ=3.0),three_sigma,aggregate,10,500.0,2003-11-25 12:57:00,2003-11-25 23:39:56,10.72,101.23222222222222,,52.94117647058824,9.447221070095395,101.23222222222222,0.0,False,18,10,3,False,True,terminal,pca1,"invariant (controlled, D-2)"
IMS,1st_test,42,"EWMA (λ=0.2, k=3.0)",ewma,aggregate,10,500.0,2003-11-25 12:57:00,2003-11-25 23:39:56,10.72,114.0988888888889,,58.82352941176471,10.647967648278723,114.0988888888889,0.0,False,18,10,3,False,True,terminal,pca1,"invariant (controlled, D-2)"
IMS,1st_test,42,"CUSUM (k=0.5, h=5.0)",cusum,aggregate,10,500.0,2003-11-25 12:57:00,2003-11-25 23:39:56,10.72,114.0988888888889,,58.82352941176471,10.647967648278723,114.0988888888889,0.0,False,18,10,3,False,True,terminal,pca1,"invariant (controlled, D-2)"
IMS,1st_test,42,Hotelling T²,hotelling_t2,aggregate,10,500.0,2003-11-25 12:57:00,2003-11-25 23:39:56,10.72,154.73222222222222,,82.35294117647058,14.439962671090834,154.73222222222222,0.0,False,18,10,3,False,True,terminal,pca1,"invariant (controlled, D-2)"
IMS,1st_test,42,Isolation Forest,isolation_forest,aggregate,10,500.0,2003-11-25 12:57:00,2003-11-25 23:39:56,10.72,114.0988888888889,,58.82352941176471,10.647967648278723,114.0988888888889,0.0,False,18,10,3,False,True,terminal,pca1,"invariant (controlled, D-2)"
IMS,1st_test,42,Deep SVDD,deep_svdd,aggregate,10,500.0,2003-11-25 12:57:00,2003-11-25 23:39:56,10.72,0.0,,0.0,0.0,0.0,0.0,False,18,10,3,False,True,terminal,pca1,"invariant (controlled, D-2)"
IMS,1st_test,42,LSTM-Autoencoder,lstm_ae,aggregate,10,500.0,2003-11-25 12:57:00,2003-11-25 23:39:56,10.72,,,,,,,False,18,10,3,False,True,terminal,pca1,"invariant (controlled, D-2)"
IMS,1st_test,42,TCN-Autoencoder,tcn,aggregate,10,500.0,2003-11-25 12:57:00,2003-11-25 23:39:56,10.72,,,,,,,False,18,10,3,False,True,terminal,pca1,"invariant (controlled, D-2)"
IMS,1st_test,42,Transformer-AD,transformer_ad,aggregate,10,500.0,2003-11-25 12:57:00,2003-11-25 23:39:56,10.72,,,,,,,False,18,10,3,False,True,terminal,pca1,"invariant (controlled, D-2)"
IMS,1st_test,42,RMS-Trend (kσ),rms_trend,aggregate,20,1160.0,2003-11-25 12:57:00,2003-11-25 23:39:56,10.72,0.0,,0.0,0.0,0.0,0.0,False,9,10,3,False,True,terminal,pca1,"invariant (controlled, D-2)"
IMS,1st_test,42,3σ Rule (σ=3.0),three_sigma,aggregate,20,1160.0,2003-11-25 12:57:00,2003-11-25 23:39:56,10.72,101.23222222222222,,62.5,9.447221070095395,101.23222222222222,0.0,False,9,10,3,False,True,terminal,pca1,"invariant (controlled, D-2)"
IMS,1st_test,42,"EWMA (λ=0.2, k=3.0)",ewma,aggregate,20,1160.0,2003-11-25 12:57:00,2003-11-25 23:39:56,10.72,101.23222222222222,,62.5,9.447221070095395,101.23222222222222,0.0,False,9,10,3,False,True,terminal,pca1,"invariant (controlled, D-2)"
IMS,1st_test,42,"CUSUM (k=0.5, h=5.0)",cusum,aggregate,20,1160.0,2003-11-25 12:57:00,2003-11-25 23:39:56,10.72,101.23222222222222,,62.5,9.447221070095395,101.23222222222222,0.0,False,9,10,3,False,True,terminal,pca1,"invariant (controlled, D-2)"
IMS,1st_test,42,Hotelling T²,hotelling_t2,aggregate,20,1160.0,2003-11-25 12:57:00,2003-11-25 23:39:56,10.72,178.13222222222223,,100.0,16.623703857320614,0.0,100.0,False,9,10,3,False,True,terminal,pca1,"invariant (controlled, D-2)"
IMS,1st_test,42,Isolation Forest,isolation_forest,aggregate,20,1160.0,2003-11-25 12:57:00,2003-11-25 23:39:56,10.72,101.23222222222222,,37.5,9.447221070095395,101.23222222222222,0.0,False,9,10,3,False,True,terminal,pca1,"invariant (controlled, D-2)"
IMS,1st_test,42,Deep SVDD,deep_svdd,aggregate,20,1160.0,2003-11-25 12:57:00,2003-11-25 23:39:56,10.72,0.0,,0.0,0.0,0.0,0.0,False,9,10,3,False,True,terminal,pca1,"invariant (controlled, D-2)"
IMS,1st_test,42,LSTM-Autoencoder,lstm_ae,aggregate,20,1160.0,2003-11-25 12:57:00,2003-11-25 23:39:56,10.72,,,,,,,False,9,10,3,False,True,terminal,pca1,"invariant (controlled, D-2)"
IMS,1st_test,42,TCN-Autoencoder,tcn,aggregate,20,1160.0,2003-11-25 12:57:00,2003-11-25 23:39:56,10.72,,,,,,,False,9,10,3,False,True,terminal,pca1,"invariant (controlled, D-2)"
IMS,1st_test,42,Transformer-AD,transformer_ad,aggregate,20,1160.0,2003-11-25 12:57:00,2003-11-25 23:39:56,10.72,,,,,,,False,9,10,3,False,True,terminal,pca1,"invariant (controlled, D-2)"
IMS,1st_test,42,RMS-Trend (kσ),rms_trend,decimate,1,50.0,2003-11-25 12:57:00,2003-11-25 23:39:56,10.72,0.0,,0.0,0.0,0.0,0.0,False,172,10,3,False,True,terminal,pca1,"invariant (controlled, D-2)"
IMS,1st_test,42,3σ Rule (σ=3.0),three_sigma,decimate,1,50.0,2003-11-25 12:57:00,2003-11-25 23:39:56,10.72,108.69888888888889,,42.857142857142854,10.144027374533389,108.69888888888889,0.0,False,172,10,3,False,True,terminal,pca1,"invariant (controlled, D-2)"
IMS,1st_test,42,"EWMA (λ=0.2, k=3.0)",ewma,decimate,1,50.0,2003-11-25 12:57:00,2003-11-25 23:39:56,10.72,152.23222222222222,,64.28571428571429,14.206656988801328,152.23222222222222,0.0,False,172,10,3,False,True,terminal,pca1,"invariant (controlled, D-2)"
IMS,1st_test,42,"CUSUM (k=0.5, h=5.0)",cusum,decimate,1,50.0,2003-11-25 12:57:00,2003-11-25 23:39:56,10.72,114.93222222222222,,58.333333333333336,10.72573620904189,114.93222222222222,0.0,False,172,10,3,False,True,terminal,pca1,"invariant (controlled, D-2)"
IMS,1st_test,42,Hotelling T²,hotelling_t2,decimate,1,50.0,2003-11-25 12:57:00,2003-11-25 23:39:56,10.72,152.23222222222222,,66.07142857142857,14.206656988801328,152.23222222222222,0.0,False,172,10,3,False,True,terminal,pca1,"invariant (controlled, D-2)"
IMS,1st_test,42,Isolation Forest,isolation_forest,decimate,1,50.0,2003-11-25 12:57:00,2003-11-25 23:39:56,10.72,152.23222222222222,,73.21428571428571,14.206656988801328,152.23222222222222,0.0,False,172,10,3,False,True,terminal,pca1,"invariant (controlled, D-2)"
IMS,1st_test,42,Deep SVDD,deep_svdd,decimate,1,50.0,2003-11-25 12:57:00,2003-11-25 23:39:56,10.72,34.04888888888889,,1.7857142857142856,3.177519701368727,34.04888888888889,0.0,True,172,10,3,False,True,terminal,pca1,"invariant (controlled, D-2)"
IMS,1st_test,42,LSTM-Autoencoder,lstm_ae,decimate,1,50.0,2003-11-25 12:57:00,2003-11-25 23:39:56,10.72,195.63222222222223,,100.0,18.25684363334716,0.0,100.0,False,172,10,3,False,True,terminal,pca1,"invariant (controlled, D-2)"
IMS,1st_test,42,TCN-Autoencoder,tcn,decimate,1,50.0,2003-11-25 12:57:00,2003-11-25 23:39:56,10.72,154.73222222222222,,81.54761904761905,14.439962671090834,154.73222222222222,0.0,False,172,10,3,False,True,terminal,pca1,"invariant (controlled, D-2)"
IMS,1st_test,42,Transformer-AD,transformer_ad,decimate,1,50.0,2003-11-25 12:57:00,2003-11-25 23:39:56,10.72,153.89888888888888,,80.95238095238095,14.362194110327664,153.89888888888888,0.0,False,172,10,3,False,True,terminal,pca1,"invariant (controlled, D-2)"
IMS,1st_test,42,RMS-Trend (kσ),rms_trend,decimate,2,100.0,2003-11-25 12:57:00,2003-11-25 23:39:56,10.72,93.73222222222222,,30.952380952380953,8.747304023226876,93.73222222222222,0.0,False,86,10,3,False,True,terminal,pca1,"invariant (controlled, D-2)"
IMS,1st_test,42,3σ Rule (σ=3.0),three_sigma,decimate,2,100.0,2003-11-25 12:57:00,2003-11-25 23:39:56,10.72,97.06555555555556,,41.66666666666667,9.058378266279552,97.06555555555556,0.0,False,86,10,3,False,True,terminal,pca1,"invariant (controlled, D-2)"
IMS,1st_test,42,"EWMA (λ=0.2, k=3.0)",ewma,decimate,2,100.0,2003-11-25 12:57:00,2003-11-25 23:39:56,10.72,152.23222222222222,,65.47619047619048,14.206656988801328,152.23222222222222,0.0,False,86,10,3,False,True,terminal,pca1,"invariant (controlled, D-2)"
IMS,1st_test,42,"CUSUM (k=0.5, h=5.0)",cusum,decimate,2,100.0,2003-11-25 12:57:00,2003-11-25 23:39:56,10.72,114.93222222222222,,58.333333333333336,10.72573620904189,114.93222222222222,0.0,False,86,10,3,False,True,terminal,pca1,"invariant (controlled, D-2)"
IMS,1st_test,42,Hotelling T²,hotelling_t2,decimate,2,100.0,2003-11-25 12:57:00,2003-11-25 23:39:56,10.72,153.89888888888888,,69.04761904761905,14.362194110327664,153.89888888888888,0.0,False,86,10,3,False,True,terminal,pca1,"invariant (controlled, D-2)"
IMS,1st_test,42,Isolation Forest,isolation_forest,decimate,2,100.0,2003-11-25 12:57:00,2003-11-25 23:39:56,10.72,153.89888888888888,,69.04761904761905,14.362194110327664,153.89888888888888,0.0,False,86,10,3,False,True,terminal,pca1,"invariant (controlled, D-2)"
IMS,1st_test,42,Deep SVDD,deep_svdd,decimate,2,100.0,2003-11-25 12:57:00,2003-11-25 23:39:56,10.72,0.0,,0.0,0.0,0.0,0.0,False,86,10,3,False,True,terminal,pca1,"invariant (controlled, D-2)"
IMS,1st_test,42,LSTM-Autoencoder,lstm_ae,decimate,2,100.0,2003-11-25 12:57:00,2003-11-25 23:39:56,10.72,195.63222222222223,,100.0,18.25684363334716,0.0,100.0,False,86,10,3,False,True,terminal,pca1,"invariant (controlled, D-2)"
IMS,1st_test,42,TCN-Autoencoder,tcn,decimate,2,100.0,2003-11-25 12:57:00,2003-11-25 23:39:56,10.72,195.63222222222223,,100.0,18.25684363334716,0.0,100.0,False,86,10,3,False,True,terminal,pca1,"invariant (controlled, D-2)"
IMS,1st_test,42,Transformer-AD,transformer_ad,decimate,2,100.0,2003-11-25 12:57:00,2003-11-25 23:39:56,10.72,195.63222222222223,,100.0,18.25684363334716,0.0,100.0,False,86,10,3,False,True,terminal,pca1,"invariant (controlled, D-2)"
IMS,1st_test,42,RMS-Trend (kσ),rms_trend,decimate,5,250.0,2003-11-25 12:57:00,2003-11-25 23:39:56,10.72,0.0,,0.0,0.0,0.0,0.0,False,35,10,3,False,True,terminal,pca1,"invariant (controlled, D-2)"
IMS,1st_test,42,3σ Rule (σ=3.0),three_sigma,decimate,5,250.0,2003-11-25 12:57:00,2003-11-25 23:39:56,10.72,96.23222222222222,,40.0,8.980609705516382,96.23222222222222,0.0,False,35,10,3,False,True,terminal,pca1,"invariant (controlled, D-2)"
IMS,1st_test,42,"EWMA (λ=0.2, k=3.0)",ewma,decimate,5,250.0,2003-11-25 12:57:00,2003-11-25 23:39:56,10.72,113.26555555555555,,57.14285714285714,10.570199087515553,113.26555555555555,0.0,False,35,10,3,False,True,terminal,pca1,"invariant (controlled, D-2)"
IMS,1st_test,42,"CUSUM (k=0.5, h=5.0)",cusum,decimate,5,250.0,2003-11-25 12:57:00,2003-11-25 23:39:56,10.72,107.03222222222222,,54.285714285714285,9.98849025300705,107.03222222222222,0.0,False,35,10,3,False,True,terminal,pca1,"invariant (controlled, D-2)"
IMS,1st_test,42,Hotelling T²,hotelling_t2,decimate,5,250.0,2003-11-25 12:57:00,2003-11-25 23:39:56,10.72,153.89888888888888,,68.57142857142857,14.362194110327664,153.89888888888888,0.0,False,35,10,3,False,True,terminal,pca1,"invariant (controlled, D-2)"
IMS,1st_test,42,Isolation Forest,isolation_forest,decimate,5,250.0,2003-11-25 12:57:00,2003-11-25 23:39:56,10.72,117.43222222222222,,60.0,10.959041891331397,117.43222222222222,0.0,False,35,10,3,False,True,terminal,pca1,"invariant (controlled, D-2)"
IMS,1st_test,42,Deep SVDD,deep_svdd,decimate,5,250.0,2003-11-25 12:57:00,2003-11-25 23:39:56,10.72,0.0,,0.0,0.0,0.0,0.0,False,35,10,3,False,True,terminal,pca1,"invariant (controlled, D-2)"
IMS,1st_test,42,LSTM-Autoencoder,lstm_ae,decimate,5,250.0,2003-11-25 12:57:00,2003-11-25 23:39:56,10.72,198.13222222222223,,100.0,18.490149315636664,0.0,100.0,False,35,10,3,False,True,terminal,pca1,"invariant (controlled, D-2)"
IMS,1st_test,42,TCN-Autoencoder,tcn,decimate,5,250.0,2003-11-25 12:57:00,2003-11-25 23:39:56,10.72,198.13222222222223,,100.0,18.490149315636664,0.0,100.0,False,35,10,3,False,True,terminal,pca1,"invariant (controlled, D-2)"
IMS,1st_test,42,Transformer-AD,transformer_ad,decimate,5,250.0,2003-11-25 12:57:00,2003-11-25 23:39:56,10.72,198.13222222222223,,100.0,18.490149315636664,0.0,100.0,False,35,10,3,False,True,terminal,pca1,"invariant (controlled, D-2)"
IMS,1st_test,42,RMS-Trend (kσ),rms_trend,decimate,10,500.0,2003-11-25 12:57:00,2003-11-25 23:39:56,10.72,0.0,,0.0,0.0,0.0,0.0,False,18,10,3,False,True,terminal,pca1,"invariant (controlled, D-2)"
IMS,1st_test,42,3σ Rule (σ=3.0),three_sigma,decimate,10,500.0,2003-11-25 12:57:00,2003-11-25 23:39:56,10.72,0.0,,0.0,0.0,0.0,0.0,False,18,10,3,False,True,terminal,pca1,"invariant (controlled, D-2)"
IMS,1st_test,42,"EWMA (λ=0.2, k=3.0)",ewma,decimate,10,500.0,2003-11-25 12:57:00,2003-11-25 23:39:56,10.72,100.39888888888889,,50.0,9.369452509332227,100.39888888888889,0.0,False,18,10,3,False,True,terminal,pca1,"invariant (controlled, D-2)"
IMS,1st_test,42,"CUSUM (k=0.5, h=5.0)",cusum,decimate,10,500.0,2003-11-25 12:57:00,2003-11-25 23:39:56,10.72,100.39888888888889,,50.0,9.369452509332227,100.39888888888889,0.0,False,18,10,3,False,True,terminal,pca1,"invariant (controlled, D-2)"
IMS,1st_test,42,Hotelling T²,hotelling_t2,decimate,10,500.0,2003-11-25 12:57:00,2003-11-25 23:39:56,10.72,153.89888888888888,,72.22222222222221,14.362194110327664,153.89888888888888,0.0,False,18,10,3,False,True,terminal,pca1,"invariant (controlled, D-2)"
IMS,1st_test,42,Isolation Forest,isolation_forest,decimate,10,500.0,2003-11-25 12:57:00,2003-11-25 23:39:56,10.72,113.26555555555555,,33.33333333333333,10.570199087515553,113.26555555555555,0.0,False,18,10,3,False,True,terminal,pca1,"invariant (controlled, D-2)"
IMS,1st_test,42,Deep SVDD,deep_svdd,decimate,10,500.0,2003-11-25 12:57:00,2003-11-25 23:39:56,10.72,0.0,,0.0,0.0,0.0,0.0,False,18,10,3,False,True,terminal,pca1,"invariant (controlled, D-2)"
IMS,1st_test,42,LSTM-Autoencoder,lstm_ae,decimate,10,500.0,2003-11-25 12:57:00,2003-11-25 23:39:56,10.72,,,,,,,False,18,10,3,False,True,terminal,pca1,"invariant (controlled, D-2)"
IMS,1st_test,42,TCN-Autoencoder,tcn,decimate,10,500.0,2003-11-25 12:57:00,2003-11-25 23:39:56,10.72,,,,,,,False,18,10,3,False,True,terminal,pca1,"invariant (controlled, D-2)"
IMS,1st_test,42,Transformer-AD,transformer_ad,decimate,10,500.0,2003-11-25 12:57:00,2003-11-25 23:39:56,10.72,,,,,,,False,18,10,3,False,True,terminal,pca1,"invariant (controlled, D-2)"
IMS,1st_test,42,RMS-Trend (kσ),rms_trend,decimate,20,1160.0,2003-11-25 12:57:00,2003-11-25 23:39:56,10.72,0.0,,0.0,0.0,0.0,0.0,False,9,10,3,False,True,terminal,pca1,"invariant (controlled, D-2)"
IMS,1st_test,42,3σ Rule (σ=3.0),three_sigma,decimate,20,1160.0,2003-11-25 12:57:00,2003-11-25 23:39:56,10.72,100.39888888888889,,55.55555555555556,9.369452509332227,100.39888888888889,0.0,False,9,10,3,False,True,terminal,pca1,"invariant (controlled, D-2)"
IMS,1st_test,42,"EWMA (λ=0.2, k=3.0)",ewma,decimate,20,1160.0,2003-11-25 12:57:00,2003-11-25 23:39:56,10.72,100.39888888888889,,55.55555555555556,9.369452509332227,100.39888888888889,0.0,False,9,10,3,False,True,terminal,pca1,"invariant (controlled, D-2)"
IMS,1st_test,42,"CUSUM (k=0.5, h=5.0)",cusum,decimate,20,1160.0,2003-11-25 12:57:00,2003-11-25 23:39:56,10.72,100.39888888888889,,55.55555555555556,9.369452509332227,100.39888888888889,0.0,False,9,10,3,False,True,terminal,pca1,"invariant (controlled, D-2)"
IMS,1st_test,42,Hotelling T²,hotelling_t2,decimate,20,1160.0,2003-11-25 12:57:00,2003-11-25 23:39:56,10.72,177.29888888888888,,88.88888888888889,16.545935296557445,177.29888888888888,0.0,False,9,10,3,False,True,terminal,pca1,"invariant (controlled, D-2)"
IMS,1st_test,42,Isolation Forest,isolation_forest,decimate,20,1160.0,2003-11-25 12:57:00,2003-11-25 23:39:56,10.72,100.39888888888889,,44.44444444444444,9.369452509332227,100.39888888888889,0.0,False,9,10,3,False,True,terminal,pca1,"invariant (controlled, D-2)"
IMS,1st_test,42,Deep SVDD,deep_svdd,decimate,20,1160.0,2003-11-25 12:57:00,2003-11-25 23:39:56,10.72,0.0,,0.0,0.0,0.0,0.0,False,9,10,3,False,True,terminal,pca1,"invariant (controlled, D-2)"
IMS,1st_test,42,LSTM-Autoencoder,lstm_ae,decimate,20,1160.0,2003-11-25 12:57:00,2003-11-25 23:39:56,10.72,,,,,,,False,9,10,3,False,True,terminal,pca1,"invariant (controlled, D-2)"
IMS,1st_test,42,TCN-Autoencoder,tcn,decimate,20,1160.0,2003-11-25 12:57:00,2003-11-25 23:39:56,10.72,,,,,,,False,9,10,3,False,True,terminal,pca1,"invariant (controlled, D-2)"
IMS,1st_test,42,Transformer-AD,transformer_ad,decimate,20,1160.0,2003-11-25 12:57:00,2003-11-25 23:39:56,10.72,,,,,,,False,9,10,3,False,True,terminal,pca1,"invariant (controlled, D-2)"
IMS,2nd_test,42,RMS-Trend (kσ),rms_trend,aggregate,1,50.0,2004-02-18 03:32:00,2004-02-19 06:22:00,26.83,0.0,,0.0,0.0,0.0,0.0,False,78,10,3,False,True,terminal,pca1,"invariant (controlled, D-2)"
IMS,2nd_test,42,3σ Rule (σ=3.0),three_sigma,aggregate,1,50.0,2004-02-18 03:32:00,2004-02-19 06:22:00,26.83,56.333333333333336,,76.59574468085107,2.099378881987578,56.333333333333336,0.0,False,78,10,3,False,True,terminal,pca1,"invariant (controlled, D-2)"
IMS,2nd_test,42,"EWMA (λ=0.2, k=3.0)",ewma,aggregate,1,50.0,2004-02-18 03:32:00,2004-02-19 06:22:00,26.83,55.5,,74.46808510638297,2.06832298136646,55.5,0.0,False,78,10,3,False,True,terminal,pca1,"invariant (controlled, D-2)"
IMS,2nd_test,42,"CUSUM (k=0.5, h=5.0)",cusum,aggregate,1,50.0,2004-02-18 03:32:00,2004-02-19 06:22:00,26.83,53.0,,68.08510638297872,1.9751552795031058,53.0,0.0,False,78,10,3,False,True,terminal,pca1,"invariant (controlled, D-2)"
IMS,2nd_test,42,Hotelling T²,hotelling_t2,aggregate,1,50.0,2004-02-18 03:32:00,2004-02-19 06:22:00,26.83,56.333333333333336,,76.59574468085107,2.099378881987578,56.333333333333336,0.0,False,78,10,3,False,True,terminal,pca1,"invariant (controlled, D-2)"
IMS,2nd_test,42,Isolation Forest,isolation_forest,aggregate,1,50.0,2004-02-18 03:32:00,2004-02-19 06:22:00,26.83,49.666666666666664,,57.446808510638306,1.8509316770186335,49.666666666666664,0.0,False,78,10,3,False,True,terminal,pca1,"invariant (controlled, D-2)"
IMS,2nd_test,42,Deep SVDD,deep_svdd,aggregate,1,50.0,2004-02-18 03:32:00,2004-02-19 06:22:00,26.83,0.0,,0.0,0.0,0.0,0.0,False,78,10,3,False,True,terminal,pca1,"invariant (controlled, D-2)"
IMS,2nd_test,42,LSTM-Autoencoder,lstm_ae,aggregate,1,50.0,2004-02-18 03:32:00,2004-02-19 06:22:00,26.83,65.5,,100.0,2.440993788819876,0.0,100.0,False,78,10,3,False,True,terminal,pca1,"invariant (controlled, D-2)"
IMS,2nd_test,42,TCN-Autoencoder,tcn,aggregate,1,50.0,2004-02-18 03:32:00,2004-02-19 06:22:00,26.83,65.5,,100.0,2.440993788819876,0.0,100.0,False,78,10,3,False,True,terminal,pca1,"invariant (controlled, D-2)"
IMS,2nd_test,42,Transformer-AD,transformer_ad,aggregate,1,50.0,2004-02-18 03:32:00,2004-02-19 06:22:00,26.83,65.5,,100.0,2.440993788819876,0.0,100.0,False,78,10,3,False,True,terminal,pca1,"invariant (controlled, D-2)"
IMS,2nd_test,42,RMS-Trend (kσ),rms_trend,aggregate,2,100.0,2004-02-18 03:32:00,2004-02-19 06:22:00,26.83,0.0,,0.0,0.0,0.0,0.0,False,40,10,3,False,True,terminal,pca1,"invariant (controlled, D-2)"
IMS,2nd_test,42,3σ Rule (σ=3.0),three_sigma,aggregate,2,100.0,2004-02-18 03:32:00,2004-02-19 06:22:00,26.83,62.166666666666664,,91.66666666666666,2.3167701863354035,0.0,33.33333333333333,False,40,10,3,False,True,terminal,pca1,"invariant (controlled, D-2)"
IMS,2nd_test,42,"EWMA (λ=0.2, k=3.0)",ewma,aggregate,2,100.0,2004-02-18 03:32:00,2004-02-19 06:22:00,26.83,55.5,,75.0,2.06832298136646,55.5,0.0,False,40,10,3,False,True,terminal,pca1,"invariant (controlled, D-2)"
IMS,2nd_test,42,"CUSUM (k=0.5, h=5.0)",cusum,aggregate,2,100.0,2004-02-18 03:32:00,2004-02-19 06:22:00,26.83,53.833333333333336,,70.83333333333334,2.006211180124224,53.833333333333336,0.0,False,40,10,3,False,True,terminal,pca1,"invariant (controlled, D-2)"
IMS,2nd_test,42,Hotelling T²,hotelling_t2,aggregate,2,100.0,2004-02-18 03:32:00,2004-02-19 06:22:00,26.83,55.5,,75.0,2.06832298136646,55.5,0.0,False,40,10,3,False,True,terminal,pca1,"invariant (controlled, D-2)"
IMS,2nd_test,42,Isolation Forest,isolation_forest,aggregate,2,100.0,2004-02-18 03:32:00,2004-02-19 06:22:00,26.83,48.833333333333336,,58.333333333333336,1.8198757763975157,48.833333333333336,0.0,False,40,10,3,False,True,terminal,pca1,"invariant (controlled, D-2)"
IMS,2nd_test,42,Deep SVDD,deep_svdd,aggregate,2,100.0,2004-02-18 03:32:00,2004-02-19 06:22:00,26.83,0.0,,0.0,0.0,0.0,0.0,False,40,10,3,False,True,terminal,pca1,"invariant (controlled, D-2)"
IMS,2nd_test,42,LSTM-Autoencoder,lstm_ae,aggregate,2,100.0,2004-02-18 03:32:00,2004-02-19 06:22:00,26.83,65.5,,100.0,2.440993788819876,0.0,100.0,False,40,10,3,False,True,terminal,pca1,"invariant (controlled, D-2)"
IMS,2nd_test,42,TCN-Autoencoder,tcn,aggregate,2,100.0,2004-02-18 03:32:00,2004-02-19 06:22:00,26.83,65.5,,100.0,2.440993788819876,0.0,100.0,False,40,10,3,False,True,terminal,pca1,"invariant (controlled, D-2)"
IMS,2nd_test,42,Transformer-AD,transformer_ad,aggregate,2,100.0,2004-02-18 03:32:00,2004-02-19 06:22:00,26.83,65.5,,100.0,2.440993788819876,0.0,100.0,False,40,10,3,False,True,terminal,pca1,"invariant (controlled, D-2)"
IMS,2nd_test,42,RMS-Trend (kσ),rms_trend,aggregate,5,250.0,2004-02-18 03:32:00,2004-02-19 06:22:00,26.83,0.0,,0.0,0.0,0.0,0.0,False,16,10,3,False,True,terminal,pca1,"invariant (controlled, D-2)"
IMS,2nd_test,42,3σ Rule (σ=3.0),three_sigma,aggregate,5,250.0,2004-02-18 03:32:00,2004-02-19 06:22:00,26.83,59.666666666666664,,88.88888888888889,2.2236024844720497,59.666666666666664,0.0,False,16,10,3,False,True,terminal,pca1,"invariant (controlled, D-2)"
IMS,2nd_test,42,"EWMA (λ=0.2, k=3.0)",ewma,aggregate,5,250.0,2004-02-18 03:32:00,2004-02-19 06:22:00,26.83,55.5,,77.77777777777779,2.06832298136646,55.5,0.0,False,16,10,3,False,True,terminal,pca1,"invariant (controlled, D-2)"
IMS,2nd_test,42,"CUSUM (k=0.5, h=5.0)",cusum,aggregate,5,250.0,2004-02-18 03:32:00,2004-02-19 06:22:00,26.83,55.5,,77.77777777777779,2.06832298136646,55.5,0.0,False,16,10,3,False,True,terminal,pca1,"invariant (controlled, D-2)"
IMS,2nd_test,42,Hotelling T²,hotelling_t2,aggregate,5,250.0,2004-02-18 03:32:00,2004-02-19 06:22:00,26.83,59.666666666666664,,88.88888888888889,2.2236024844720497,59.666666666666664,0.0,False,16,10,3,False,True,terminal,pca1,"invariant (controlled, D-2)"
IMS,2nd_test,42,Isolation Forest,isolation_forest,aggregate,5,250.0,2004-02-18 03:32:00,2004-02-19 06:22:00,26.83,26.333333333333332,0.5,0.0,0.9813664596273292,26.333333333333332,0.0,True,16,10,3,False,True,terminal,pca1,"invariant (controlled, D-2)"
IMS,2nd_test,42,Deep SVDD,deep_svdd,aggregate,5,250.0,2004-02-18 03:32:00,2004-02-19 06:22:00,26.83,0.0,,0.0,0.0,0.0,0.0,False,16,10,3,False,True,terminal,pca1,"invariant (controlled, D-2)"
IMS,2nd_test,42,LSTM-Autoencoder,lstm_ae,aggregate,5,250.0,2004-02-18 03:32:00,2004-02-19 06:22:00,26.83,,,,,,,False,16,10,3,False,True,terminal,pca1,"invariant (controlled, D-2)"
IMS,2nd_test,42,TCN-Autoencoder,tcn,aggregate,5,250.0,2004-02-18 03:32:00,2004-02-19 06:22:00,26.83,,,,,,,False,16,10,3,False,True,terminal,pca1,"invariant (controlled, D-2)"
IMS,2nd_test,42,Transformer-AD,transformer_ad,aggregate,5,250.0,2004-02-18 03:32:00,2004-02-19 06:22:00,26.83,,,,,,,False,16,10,3,False,True,terminal,pca1,"invariant (controlled, D-2)"
IMS,2nd_test,42,RMS-Trend (kσ),rms_trend,aggregate,10,500.0,2004-02-18 03:32:00,2004-02-19 06:22:00,26.83,0.0,,0.0,0.0,0.0,0.0,False,8,10,3,False,True,terminal,pca1,"invariant (controlled, D-2)"
IMS,2nd_test,42,3σ Rule (σ=3.0),three_sigma,aggregate,10,500.0,2004-02-18 03:32:00,2004-02-19 06:22:00,26.83,55.5,,100.0,2.06832298136646,0.0,100.0,False,8,10,3,False,True,terminal,pca1,"invariant (controlled, D-2)"
IMS,2nd_test,42,"EWMA (λ=0.2, k=3.0)",ewma,aggregate,10,500.0,2004-02-18 03:32:00,2004-02-19 06:22:00,26.83,55.5,,100.0,2.06832298136646,0.0,100.0,False,8,10,3,False,True,terminal,pca1,"invariant (controlled, D-2)"
IMS,2nd_test,42,"CUSUM (k=0.5, h=5.0)",cusum,aggregate,10,500.0,2004-02-18 03:32:00,2004-02-19 06:22:00,26.83,55.5,,100.0,2.06832298136646,0.0,100.0,False,8,10,3,False,True,terminal,pca1,"invariant (controlled, D-2)"
IMS,2nd_test,42,Hotelling T²,hotelling_t2,aggregate,10,500.0,2004-02-18 03:32:00,2004-02-19 06:22:00,26.83,55.5,,100.0,2.06832298136646,0.0,100.0,False,8,10,3,False,True,terminal,pca1,"invariant (controlled, D-2)"
IMS,2nd_test,42,Isolation Forest,isolation_forest,aggregate,10,500.0,2004-02-18 03:32:00,2004-02-19 06:22:00,26.83,55.5,,100.0,2.06832298136646,0.0,100.0,False,8,10,3,False,True,terminal,pca1,"invariant (controlled, D-2)"
IMS,2nd_test,42,Deep SVDD,deep_svdd,aggregate,10,500.0,2004-02-18 03:32:00,2004-02-19 06:22:00,26.83,0.0,,0.0,0.0,0.0,0.0,False,8,10,3,False,True,terminal,pca1,"invariant (controlled, D-2)"
IMS,2nd_test,42,LSTM-Autoencoder,lstm_ae,aggregate,10,500.0,2004-02-18 03:32:00,2004-02-19 06:22:00,26.83,,,,,,,False,8,10,3,False,True,terminal,pca1,"invariant (controlled, D-2)"
IMS,2nd_test,42,TCN-Autoencoder,tcn,aggregate,10,500.0,2004-02-18 03:32:00,2004-02-19 06:22:00,26.83,,,,,,,False,8,10,3,False,True,terminal,pca1,"invariant (controlled, D-2)"
IMS,2nd_test,42,Transformer-AD,transformer_ad,aggregate,10,500.0,2004-02-18 03:32:00,2004-02-19 06:22:00,26.83,,,,,,,False,8,10,3,False,True,terminal,pca1,"invariant (controlled, D-2)"
IMS,2nd_test,42,RMS-Trend (kσ),rms_trend,aggregate,20,1000.0,2004-02-18 03:32:00,2004-02-19 06:22:00,26.83,0.0,,0.0,0.0,0.0,0.0,False,4,10,3,False,True,terminal,pca1,"invariant (controlled, D-2)"
IMS,2nd_test,42,3σ Rule (σ=3.0),three_sigma,aggregate,20,1000.0,2004-02-18 03:32:00,2004-02-19 06:22:00,26.83,47.166666666666664,,100.0,1.7577639751552796,0.0,100.0,False,4,10,3,False,True,terminal,pca1,"invariant (controlled, D-2)"
IMS,2nd_test,42,"EWMA (λ=0.2, k=3.0)",ewma,aggregate,20,1000.0,2004-02-18 03:32:00,2004-02-19 06:22:00,26.83,47.166666666666664,,100.0,1.7577639751552796,0.0,100.0,False,4,10,3,False,True,terminal,pca1,"invariant (controlled, D-2)"
IMS,2nd_test,42,"CUSUM (k=0.5, h=5.0)",cusum,aggregate,20,1000.0,2004-02-18 03:32:00,2004-02-19 06:22:00,26.83,47.166666666666664,,100.0,1.7577639751552796,0.0,100.0,False,4,10,3,False,True,terminal,pca1,"invariant (controlled, D-2)"
IMS,2nd_test,42,Hotelling T²,hotelling_t2,aggregate,20,1000.0,2004-02-18 03:32:00,2004-02-19 06:22:00,26.83,47.166666666666664,,100.0,1.7577639751552796,0.0,100.0,False,4,10,3,False,True,terminal,pca1,"invariant (controlled, D-2)"
IMS,2nd_test,42,Isolation Forest,isolation_forest,aggregate,20,1000.0,2004-02-18 03:32:00,2004-02-19 06:22:00,26.83,0.0,,0.0,0.0,0.0,0.0,False,4,10,3,False,True,terminal,pca1,"invariant (controlled, D-2)"
IMS,2nd_test,42,Deep SVDD,deep_svdd,aggregate,20,1000.0,2004-02-18 03:32:00,2004-02-19 06:22:00,26.83,0.0,,0.0,0.0,0.0,0.0,False,4,10,3,False,True,terminal,pca1,"invariant (controlled, D-2)"
IMS,2nd_test,42,LSTM-Autoencoder,lstm_ae,aggregate,20,1000.0,2004-02-18 03:32:00,2004-02-19 06:22:00,26.83,,,,,,,False,4,10,3,False,True,terminal,pca1,"invariant (controlled, D-2)"
IMS,2nd_test,42,TCN-Autoencoder,tcn,aggregate,20,1000.0,2004-02-18 03:32:00,2004-02-19 06:22:00,26.83,,,,,,,False,4,10,3,False,True,terminal,pca1,"invariant (controlled, D-2)"
IMS,2nd_test,42,Transformer-AD,transformer_ad,aggregate,20,1000.0,2004-02-18 03:32:00,2004-02-19 06:22:00,26.83,,,,,,,False,4,10,3,False,True,terminal,pca1,"invariant (controlled, D-2)"
IMS,2nd_test,42,RMS-Trend (kσ),rms_trend,decimate,1,50.0,2004-02-18 03:32:00,2004-02-19 06:22:00,26.83,0.0,,0.0,0.0,0.0,0.0,False,78,10,3,False,True,terminal,pca1,"invariant (controlled, D-2)"
IMS,2nd_test,42,3σ Rule (σ=3.0),three_sigma,decimate,1,50.0,2004-02-18 03:32:00,2004-02-19 06:22:00,26.83,56.333333333333336,,76.59574468085107,2.099378881987578,56.333333333333336,0.0,False,78,10,3,False,True,terminal,pca1,"invariant (controlled, D-2)"
IMS,2nd_test,42,"EWMA (λ=0.2, k=3.0)",ewma,decimate,1,50.0,2004-02-18 03:32:00,2004-02-19 06:22:00,26.83,55.5,,74.46808510638297,2.06832298136646,55.5,0.0,False,78,10,3,False,True,terminal,pca1,"invariant (controlled, D-2)"
IMS,2nd_test,42,"CUSUM (k=0.5, h=5.0)",cusum,decimate,1,50.0,2004-02-18 03:32:00,2004-02-19 06:22:00,26.83,53.0,,68.08510638297872,1.9751552795031058,53.0,0.0,False,78,10,3,False,True,terminal,pca1,"invariant (controlled, D-2)"
IMS,2nd_test,42,Hotelling T²,hotelling_t2,decimate,1,50.0,2004-02-18 03:32:00,2004-02-19 06:22:00,26.83,56.333333333333336,,76.59574468085107,2.099378881987578,56.333333333333336,0.0,False,78,10,3,False,True,terminal,pca1,"invariant (controlled, D-2)"
IMS,2nd_test,42,Isolation Forest,isolation_forest,decimate,1,50.0,2004-02-18 03:32:00,2004-02-19 06:22:00,26.83,49.666666666666664,,57.446808510638306,1.8509316770186335,49.666666666666664,0.0,False,78,10,3,False,True,terminal,pca1,"invariant (controlled, D-2)"
IMS,2nd_test,42,Deep SVDD,deep_svdd,decimate,1,50.0,2004-02-18 03:32:00,2004-02-19 06:22:00,26.83,0.0,,0.0,0.0,0.0,0.0,False,78,10,3,False,True,terminal,pca1,"invariant (controlled, D-2)"
IMS,2nd_test,42,LSTM-Autoencoder,lstm_ae,decimate,1,50.0,2004-02-18 03:32:00,2004-02-19 06:22:00,26.83,65.5,,100.0,2.440993788819876,0.0,100.0,False,78,10,3,False,True,terminal,pca1,"invariant (controlled, D-2)"
IMS,2nd_test,42,TCN-Autoencoder,tcn,decimate,1,50.0,2004-02-18 03:32:00,2004-02-19 06:22:00,26.83,65.5,,100.0,2.440993788819876,0.0,100.0,False,78,10,3,False,True,terminal,pca1,"invariant (controlled, D-2)"
IMS,2nd_test,42,Transformer-AD,transformer_ad,decimate,1,50.0,2004-02-18 03:32:00,2004-02-19 06:22:00,26.83,65.5,,100.0,2.440993788819876,0.0,100.0,False,78,10,3,False,True,terminal,pca1,"invariant (controlled, D-2)"
IMS,2nd_test,42,RMS-Trend (kσ),rms_trend,decimate,2,100.0,2004-02-18 03:32:00,2004-02-19 06:22:00,26.83,0.0,,0.0,0.0,0.0,0.0,False,40,10,3,False,True,terminal,pca1,"invariant (controlled, D-2)"
IMS,2nd_test,42,3σ Rule (σ=3.0),three_sigma,decimate,2,100.0,2004-02-18 03:32:00,2004-02-19 06:22:00,26.83,56.333333333333336,,75.0,2.099378881987578,56.333333333333336,0.0,False,40,10,3,False,True,terminal,pca1,"invariant (controlled, D-2)"
IMS,2nd_test,42,"EWMA (λ=0.2, k=3.0)",ewma,decimate,2,100.0,2004-02-18 03:32:00,2004-02-19 06:22:00,26.83,53.0,,66.66666666666666,1.9751552795031058,53.0,0.0,False,40,10,3,False,True,terminal,pca1,"invariant (controlled, D-2)"
IMS,2nd_test,42,"CUSUM (k=0.5, h=5.0)",cusum,decimate,2,100.0,2004-02-18 03:32:00,2004-02-19 06:22:00,26.83,49.666666666666664,,58.333333333333336,1.8509316770186335,49.666666666666664,0.0,False,40,10,3,False,True,terminal,pca1,"invariant (controlled, D-2)"
IMS,2nd_test,42,Hotelling T²,hotelling_t2,decimate,2,100.0,2004-02-18 03:32:00,2004-02-19 06:22:00,26.83,56.333333333333336,,75.0,2.099378881987578,56.333333333333336,0.0,False,40,10,3,False,True,terminal,pca1,"invariant (controlled, D-2)"
IMS,2nd_test,42,Isolation Forest,isolation_forest,decimate,2,100.0,2004-02-18 03:32:00,2004-02-19 06:22:00,26.83,46.333333333333336,,41.66666666666667,1.7267080745341616,46.333333333333336,0.0,False,40,10,3,False,True,terminal,pca1,"invariant (controlled, D-2)"
IMS,2nd_test,42,Deep SVDD,deep_svdd,decimate,2,100.0,2004-02-18 03:32:00,2004-02-19 06:22:00,26.83,0.0,,0.0,0.0,0.0,0.0,False,40,10,3,False,True,terminal,pca1,"invariant (controlled, D-2)"
IMS,2nd_test,42,LSTM-Autoencoder,lstm_ae,decimate,2,100.0,2004-02-18 03:32:00,2004-02-19 06:22:00,26.83,66.33333333333333,,100.0,2.472049689440994,0.0,100.0,False,40,10,3,False,True,terminal,pca1,"invariant (controlled, D-2)"
IMS,2nd_test,42,TCN-Autoencoder,tcn,decimate,2,100.0,2004-02-18 03:32:00,2004-02-19 06:22:00,26.83,66.33333333333333,,100.0,2.472049689440994,0.0,100.0,False,40,10,3,False,True,terminal,pca1,"invariant (controlled, D-2)"
IMS,2nd_test,42,Transformer-AD,transformer_ad,decimate,2,100.0,2004-02-18 03:32:00,2004-02-19 06:22:00,26.83,66.33333333333333,,100.0,2.472049689440994,0.0,100.0,False,40,10,3,False,True,terminal,pca1,"invariant (controlled, D-2)"
IMS,2nd_test,42,RMS-Trend (kσ),rms_trend,decimate,5,250.0,2004-02-18 03:32:00,2004-02-19 06:22:00,26.83,0.0,,0.0,0.0,0.0,0.0,False,16,10,3,False,True,terminal,pca1,"invariant (controlled, D-2)"
IMS,2nd_test,42,3σ Rule (σ=3.0),three_sigma,decimate,5,250.0,2004-02-18 03:32:00,2004-02-19 06:22:00,26.83,46.333333333333336,,50.0,1.7267080745341616,46.333333333333336,0.0,False,16,10,3,False,True,terminal,pca1,"invariant (controlled, D-2)"
IMS,2nd_test,42,"EWMA (λ=0.2, k=3.0)",ewma,decimate,5,250.0,2004-02-18 03:32:00,2004-02-19 06:22:00,26.83,46.333333333333336,,50.0,1.7267080745341616,46.333333333333336,0.0,False,16,10,3,False,True,terminal,pca1,"invariant (controlled, D-2)"
IMS,2nd_test,42,"CUSUM (k=0.5, h=5.0)",cusum,decimate,5,250.0,2004-02-18 03:32:00,2004-02-19 06:22:00,26.83,46.333333333333336,,50.0,1.7267080745341616,46.333333333333336,0.0,False,16,10,3,False,True,terminal,pca1,"invariant (controlled, D-2)"
IMS,2nd_test,42,Hotelling T²,hotelling_t2,decimate,5,250.0,2004-02-18 03:32:00,2004-02-19 06:22:00,26.83,54.666666666666664,,70.0,2.0372670807453415,54.666666666666664,0.0,False,16,10,3,False,True,terminal,pca1,"invariant (controlled, D-2)"
IMS,2nd_test,42,Isolation Forest,isolation_forest,decimate,5,250.0,2004-02-18 03:32:00,2004-02-19 06:22:00,26.83,0.0,,0.0,0.0,0.0,0.0,False,16,10,3,False,True,terminal,pca1,"invariant (controlled, D-2)"
IMS,2nd_test,42,Deep SVDD,deep_svdd,decimate,5,250.0,2004-02-18 03:32:00,2004-02-19 06:22:00,26.83,0.0,,0.0,0.0,0.0,0.0,False,16,10,3,False,True,terminal,pca1,"invariant (controlled, D-2)"
IMS,2nd_test,42,LSTM-Autoencoder,lstm_ae,decimate,5,250.0,2004-02-18 03:32:00,2004-02-19 06:22:00,26.83,,,,,,,False,16,10,3,False,True,terminal,pca1,"invariant (controlled, D-2)"
IMS,2nd_test,42,TCN-Autoencoder,tcn,decimate,5,250.0,2004-02-18 03:32:00,2004-02-19 06:22:00,26.83,,,,,,,False,16,10,3,False,True,terminal,pca1,"invariant (controlled, D-2)"
IMS,2nd_test,42,Transformer-AD,transformer_ad,decimate,5,250.0,2004-02-18 03:32:00,2004-02-19 06:22:00,26.83,,,,,,,False,16,10,3,False,True,terminal,pca1,"invariant (controlled, D-2)"
IMS,2nd_test,42,RMS-Trend (kσ),rms_trend,decimate,10,500.0,2004-02-18 03:32:00,2004-02-19 06:22:00,26.83,0.0,,0.0,0.0,0.0,0.0,False,8,10,3,False,True,terminal,pca1,"invariant (controlled, D-2)"
IMS,2nd_test,42,3σ Rule (σ=3.0),three_sigma,decimate,10,500.0,2004-02-18 03:32:00,2004-02-19 06:22:00,26.83,46.333333333333336,,60.0,1.7267080745341616,46.333333333333336,0.0,False,8,10,3,False,True,terminal,pca1,"invariant (controlled, D-2)"
IMS,2nd_test,42,"EWMA (λ=0.2, k=3.0)",ewma,decimate,10,500.0,2004-02-18 03:32:00,2004-02-19 06:22:00,26.83,46.333333333333336,,60.0,1.7267080745341616,46.333333333333336,0.0,False,8,10,3,False,True,terminal,pca1,"invariant (controlled, D-2)"
IMS,2nd_test,42,"CUSUM (k=0.5, h=5.0)",cusum,decimate,10,500.0,2004-02-18 03:32:00,2004-02-19 06:22:00,26.83,46.333333333333336,,60.0,1.7267080745341616,46.333333333333336,0.0,False,8,10,3,False,True,terminal,pca1,"invariant (controlled, D-2)"
IMS,2nd_test,42,Hotelling T²,hotelling_t2,decimate,10,500.0,2004-02-18 03:32:00,2004-02-19 06:22:00,26.83,54.666666666666664,,80.0,2.0372670807453415,54.666666666666664,0.0,False,8,10,3,False,True,terminal,pca1,"invariant (controlled, D-2)"
IMS,2nd_test,42,Isolation Forest,isolation_forest,decimate,10,500.0,2004-02-18 03:32:00,2004-02-19 06:22:00,26.83,0.0,,0.0,0.0,0.0,0.0,False,8,10,3,False,True,terminal,pca1,"invariant (controlled, D-2)"
IMS,2nd_test,42,Deep SVDD,deep_svdd,decimate,10,500.0,2004-02-18 03:32:00,2004-02-19 06:22:00,26.83,0.0,,0.0,0.0,0.0,0.0,False,8,10,3,False,True,terminal,pca1,"invariant (controlled, D-2)"
IMS,2nd_test,42,LSTM-Autoencoder,lstm_ae,decimate,10,500.0,2004-02-18 03:32:00,2004-02-19 06:22:00,26.83,,,,,,,False,8,10,3,False,True,terminal,pca1,"invariant (controlled, D-2)"
IMS,2nd_test,42,TCN-Autoencoder,tcn,decimate,10,500.0,2004-02-18 03:32:00,2004-02-19 06:22:00,26.83,,,,,,,False,8,10,3,False,True,terminal,pca1,"invariant (controlled, D-2)"
IMS,2nd_test,42,Transformer-AD,transformer_ad,decimate,10,500.0,2004-02-18 03:32:00,2004-02-19 06:22:00,26.83,,,,,,,False,8,10,3,False,True,terminal,pca1,"invariant (controlled, D-2)"
IMS,2nd_test,42,RMS-Trend (kσ),rms_trend,decimate,20,1000.0,2004-02-18 03:32:00,2004-02-19 06:22:00,26.83,0.0,,0.0,0.0,0.0,0.0,False,4,10,3,False,True,terminal,pca1,"invariant (controlled, D-2)"
IMS,2nd_test,42,3σ Rule (σ=3.0),three_sigma,decimate,20,1000.0,2004-02-18 03:32:00,2004-02-19 06:22:00,26.83,0.0,,0.0,0.0,0.0,0.0,False,4,10,3,False,True,terminal,pca1,"invariant (controlled, D-2)"
IMS,2nd_test,42,"EWMA (λ=0.2, k=3.0)",ewma,decimate,20,1000.0,2004-02-18 03:32:00,2004-02-19 06:22:00,26.83,46.333333333333336,,66.66666666666666,1.7267080745341616,46.333333333333336,0.0,False,4,10,3,False,True,terminal,pca1,"invariant (controlled, D-2)"
IMS,2nd_test,42,"CUSUM (k=0.5, h=5.0)",cusum,decimate,20,1000.0,2004-02-18 03:32:00,2004-02-19 06:22:00,26.83,46.333333333333336,,66.66666666666666,1.7267080745341616,46.333333333333336,0.0,False,4,10,3,False,True,terminal,pca1,"invariant (controlled, D-2)"
IMS,2nd_test,42,Hotelling T²,hotelling_t2,decimate,20,1000.0,2004-02-18 03:32:00,2004-02-19 06:22:00,26.83,46.333333333333336,,66.66666666666666,1.7267080745341616,46.333333333333336,0.0,False,4,10,3,False,True,terminal,pca1,"invariant (controlled, D-2)"
IMS,2nd_test,42,Isolation Forest,isolation_forest,decimate,20,1000.0,2004-02-18 03:32:00,2004-02-19 06:22:00,26.83,0.0,,0.0,0.0,0.0,0.0,False,4,10,3,False,True,terminal,pca1,"invariant (controlled, D-2)"
IMS,2nd_test,42,Deep SVDD,deep_svdd,decimate,20,1000.0,2004-02-18 03:32:00,2004-02-19 06:22:00,26.83,0.0,,0.0,0.0,0.0,0.0,False,4,10,3,False,True,terminal,pca1,"invariant (controlled, D-2)"
IMS,2nd_test,42,LSTM-Autoencoder,lstm_ae,decimate,20,1000.0,2004-02-18 03:32:00,2004-02-19 06:22:00,26.83,,,,,,,False,4,10,3,False,True,terminal,pca1,"invariant (controlled, D-2)"
IMS,2nd_test,42,TCN-Autoencoder,tcn,decimate,20,1000.0,2004-02-18 03:32:00,2004-02-19 06:22:00,26.83,,,,,,,False,4,10,3,False,True,terminal,pca1,"invariant (controlled, D-2)"
IMS,2nd_test,42,Transformer-AD,transformer_ad,decimate,20,1000.0,2004-02-18 03:32:00,2004-02-19 06:22:00,26.83,,,,,,,False,4,10,3,False,True,terminal,pca1,"invariant (controlled, D-2)"
IMS,3rd_test,42,RMS-Trend (kσ),rms_trend,aggregate,1,50.0,2004-04-16 20:42:00,2004-04-18 02:42:00,30.0,9.666666666666666,20.333333333333332,0.0,0.3222222222222222,9.666666666666666,0.0,True,506,10,3,False,True,terminal,pca1,"invariant (controlled, D-2)"
IMS,3rd_test,42,3σ Rule (σ=3.0),three_sigma,aggregate,1,50.0,2004-04-16 20:42:00,2004-04-18 02:42:00,30.0,28.833333333333332,1.1666666666666667,0.0,0.961111111111111,28.833333333333332,0.0,True,506,10,3,False,True,terminal,pca1,"invariant (controlled, D-2)"
IMS,3rd_test,42,"EWMA (λ=0.2, k=3.0)",ewma,aggregate,1,50.0,2004-04-16 20:42:00,2004-04-18 02:42:00,30.0,28.0,2.0,0.0,0.9333333333333333,28.0,0.0,True,506,10,3,False,True,terminal,pca1,"invariant (controlled, D-2)"
IMS,3rd_test,42,"CUSUM (k=0.5, h=5.0)",cusum,aggregate,1,50.0,2004-04-16 20:42:00,2004-04-18 02:42:00,30.0,26.333333333333332,3.6666666666666665,0.0,0.8777777777777778,26.333333333333332,0.0,True,506,10,3,False,True,terminal,pca1,"invariant (controlled, D-2)"
IMS,3rd_test,42,Hotelling T²,hotelling_t2,aggregate,1,50.0,2004-04-16 20:42:00,2004-04-18 02:42:00,30.0,315.85,,8.280254777070063,10.528333333333334,315.85,0.0,True,506,10,3,False,True,terminal,pca1,"invariant (controlled, D-2)"
IMS,3rd_test,42,Isolation Forest,isolation_forest,aggregate,1,50.0,2004-04-16 20:42:00,2004-04-18 02:42:00,30.0,59.666666666666664,,0.8492569002123143,1.9888888888888887,59.666666666666664,0.0,True,506,10,3,False,True,terminal,pca1,"invariant (controlled, D-2)"
IMS,3rd_test,42,Deep SVDD,deep_svdd,aggregate,1,50.0,2004-04-16 20:42:00,2004-04-18 02:42:00,30.0,10.5,19.5,0.0,0.35,10.5,0.0,True,506,10,3,False,True,terminal,pca1,"invariant (controlled, D-2)"
IMS,3rd_test,42,LSTM-Autoencoder,lstm_ae,aggregate,1,50.0,2004-04-16 20:42:00,2004-04-18 02:42:00,30.0,331.68333333333334,,62.42038216560509,11.056111111111111,331.68333333333334,0.0,False,506,10,3,False,True,terminal,pca1,"invariant (controlled, D-2)"
IMS,3rd_test,42,TCN-Autoencoder,tcn,aggregate,1,50.0,2004-04-16 20:42:00,2004-04-18 02:42:00,30.0,330.85,,62.63269639065817,11.028333333333334,330.85,0.0,False,506,10,3,False,True,terminal,pca1,"invariant (controlled, D-2)"
IMS,3rd_test,42,Transformer-AD,transformer_ad,aggregate,1,50.0,2004-04-16 20:42:00,2004-04-18 02:42:00,30.0,330.85,,62.20806794055201,11.028333333333334,330.85,0.0,False,506,10,3,False,True,terminal,pca1,"invariant (controlled, D-2)"
IMS,3rd_test,42,RMS-Trend (kσ),rms_trend,aggregate,2,100.0,2004-04-16 20:42:00,2004-04-18 02:42:00,30.0,3.8333333333333335,26.166666666666668,0.0,0.1277777777777778,3.8333333333333335,0.0,True,253,10,3,False,True,terminal,pca1,"invariant (controlled, D-2)"
IMS,3rd_test,42,3σ Rule (σ=3.0),three_sigma,aggregate,2,100.0,2004-04-16 20:42:00,2004-04-18 02:42:00,30.0,28.833333333333332,1.1666666666666667,0.0,0.961111111111111,28.833333333333332,0.0,True,253,10,3,False,True,terminal,pca1,"invariant (controlled, D-2)"
IMS,3rd_test,42,"EWMA (λ=0.2, k=3.0)",ewma,aggregate,2,100.0,2004-04-16 20:42:00,2004-04-18 02:42:00,30.0,27.166666666666668,2.8333333333333335,0.0,0.9055555555555556,27.166666666666668,0.0,True,253,10,3,False,True,terminal,pca1,"invariant (controlled, D-2)"
IMS,3rd_test,42,"CUSUM (k=0.5, h=5.0)",cusum,aggregate,2,100.0,2004-04-16 20:42:00,2004-04-18 02:42:00,30.0,25.5,4.5,0.0,0.85,25.5,0.0,True,253,10,3,False,True,terminal,pca1,"invariant (controlled, D-2)"
IMS,3rd_test,42,Hotelling T²,hotelling_t2,aggregate,2,100.0,2004-04-16 20:42:00,2004-04-18 02:42:00,30.0,315.85,,8.936170212765958,10.528333333333334,315.85,0.0,True,253,10,3,False,True,terminal,pca1,"invariant (controlled, D-2)"
IMS,3rd_test,42,Isolation Forest,isolation_forest,aggregate,2,100.0,2004-04-16 20:42:00,2004-04-18 02:42:00,30.0,28.833333333333332,1.1666666666666667,0.0,0.961111111111111,28.833333333333332,0.0,True,253,10,3,False,True,terminal,pca1,"invariant (controlled, D-2)"
IMS,3rd_test,42,Deep SVDD,deep_svdd,aggregate,2,100.0,2004-04-16 20:42:00,2004-04-18 02:42:00,30.0,0.0,,0.0,0.0,0.0,0.0,False,253,10,3,False,True,terminal,pca1,"invariant (controlled, D-2)"
IMS,3rd_test,42,LSTM-Autoencoder,lstm_ae,aggregate,2,100.0,2004-04-16 20:42:00,2004-04-18 02:42:00,30.0,380.18333333333334,,72.76595744680851,12.672777777777778,380.18333333333334,0.0,False,253,10,3,False,True,terminal,pca1,"invariant (controlled, D-2)"
IMS,3rd_test,42,TCN-Autoencoder,tcn,aggregate,2,100.0,2004-04-16 20:42:00,2004-04-18 02:42:00,30.0,380.18333333333334,,77.87234042553192,12.672777777777778,380.18333333333334,0.0,False,253,10,3,False,True,terminal,pca1,"invariant (controlled, D-2)"
IMS,3rd_test,42,Transformer-AD,transformer_ad,aggregate,2,100.0,2004-04-16 20:42:00,2004-04-18 02:42:00,30.0,319.18333333333334,,61.27659574468085,10.639444444444445,319.18333333333334,0.0,False,253,10,3,False,True,terminal,pca1,"invariant (controlled, D-2)"
IMS,3rd_test,42,RMS-Trend (kσ),rms_trend,aggregate,5,250.0,2004-04-16 20:42:00,2004-04-18 02:42:00,30.0,8.0,22.0,0.0,0.26666666666666666,8.0,0.0,True,102,10,3,False,True,terminal,pca1,"invariant (controlled, D-2)"
IMS,3rd_test,42,3σ Rule (σ=3.0),three_sigma,aggregate,5,250.0,2004-04-16 20:42:00,2004-04-18 02:42:00,30.0,33.0,,1.0638297872340425,1.1,33.0,0.0,True,102,10,3,False,True,terminal,pca1,"invariant (controlled, D-2)"
IMS,3rd_test,42,"EWMA (λ=0.2, k=3.0)",ewma,aggregate,5,250.0,2004-04-16 20:42:00,2004-04-18 02:42:00,30.0,24.666666666666668,5.333333333333333,0.0,0.8222222222222223,24.666666666666668,0.0,True,102,10,3,False,True,terminal,pca1,"invariant (controlled, D-2)"
IMS,3rd_test,42,"CUSUM (k=0.5, h=5.0)",cusum,aggregate,5,250.0,2004-04-16 20:42:00,2004-04-18 02:42:00,30.0,24.666666666666668,5.333333333333333,0.0,0.8222222222222223,24.666666666666668,0.0,True,102,10,3,False,True,terminal,pca1,"invariant (controlled, D-2)"
IMS,3rd_test,42,Hotelling T²,hotelling_t2,aggregate,5,250.0,2004-04-16 20:42:00,2004-04-18 02:42:00,30.0,58.0,,7.446808510638298,1.9333333333333333,58.0,0.0,True,102,10,3,False,True,terminal,pca1,"invariant (controlled, D-2)"
IMS,3rd_test,42,Isolation Forest,isolation_forest,aggregate,5,250.0,2004-04-16 20:42:00,2004-04-18 02:42:00,30.0,24.666666666666668,5.333333333333333,0.0,0.8222222222222223,24.666666666666668,0.0,True,102,10,3,False,True,terminal,pca1,"invariant (controlled, D-2)"
IMS,3rd_test,42,Deep SVDD,deep_svdd,aggregate,5,250.0,2004-04-16 20:42:00,2004-04-18 02:42:00,30.0,0.0,,0.0,0.0,0.0,0.0,False,102,10,3,False,True,terminal,pca1,"invariant (controlled, D-2)"
IMS,3rd_test,42,LSTM-Autoencoder,lstm_ae,aggregate,5,250.0,2004-04-16 20:42:00,2004-04-18 02:42:00,30.0,227.51666666666668,,48.93617021276596,7.58388888888889,227.51666666666668,0.0,False,102,10,3,False,True,terminal,pca1,"invariant (controlled, D-2)"
IMS,3rd_test,42,TCN-Autoencoder,tcn,aggregate,5,250.0,2004-04-16 20:42:00,2004-04-18 02:42:00,30.0,298.35,,64.8936170212766,9.945,298.35,0.0,False,102,10,3,False,True,terminal,pca1,"invariant (controlled, D-2)"
IMS,3rd_test,42,Transformer-AD,transformer_ad,aggregate,5,250.0,2004-04-16 20:42:00,2004-04-18 02:42:00,30.0,144.18333333333334,,27.659574468085108,4.806111111111111,144.18333333333334,0.0,False,102,10,3,False,True,terminal,pca1,"invariant (controlled, D-2)"
IMS,3rd_test,42,RMS-Trend (kσ),rms_trend,aggregate,10,500.0,2004-04-16 20:42:00,2004-04-18 02:42:00,30.0,0.0,,0.0,0.0,0.0,0.0,False,51,10,3,False,True,terminal,pca1,"invariant (controlled, D-2)"
IMS,3rd_test,42,3σ Rule (σ=3.0),three_sigma,aggregate,10,500.0,2004-04-16 20:42:00,2004-04-18 02:42:00,30.0,37.166666666666664,,2.1739130434782608,1.2388888888888887,37.166666666666664,0.0,True,51,10,3,False,True,terminal,pca1,"invariant (controlled, D-2)"
IMS,3rd_test,42,"EWMA (λ=0.2, k=3.0)",ewma,aggregate,10,500.0,2004-04-16 20:42:00,2004-04-18 02:42:00,30.0,20.5,9.5,0.0,0.6833333333333333,20.5,0.0,True,51,10,3,False,True,terminal,pca1,"invariant (controlled, D-2)"
IMS,3rd_test,42,"CUSUM (k=0.5, h=5.0)",cusum,aggregate,10,500.0,2004-04-16 20:42:00,2004-04-18 02:42:00,30.0,20.5,9.5,0.0,0.6833333333333333,20.5,0.0,True,51,10,3,False,True,terminal,pca1,"invariant (controlled, D-2)"
IMS,3rd_test,42,Hotelling T²,hotelling_t2,aggregate,10,500.0,2004-04-16 20:42:00,2004-04-18 02:42:00,30.0,53.833333333333336,,6.521739130434782,1.7944444444444445,53.833333333333336,0.0,True,51,10,3,False,True,terminal,pca1,"invariant (controlled, D-2)"
IMS,3rd_test,42,Isolation Forest,isolation_forest,aggregate,10,500.0,2004-04-16 20:42:00,2004-04-18 02:42:00,30.0,20.5,9.5,0.0,0.6833333333333333,20.5,0.0,True,51,10,3,False,True,terminal,pca1,"invariant (controlled, D-2)"
IMS,3rd_test,42,Deep SVDD,deep_svdd,aggregate,10,500.0,2004-04-16 20:42:00,2004-04-18 02:42:00,30.0,0.0,,0.0,0.0,0.0,0.0,False,51,10,3,False,True,terminal,pca1,"invariant (controlled, D-2)"
IMS,3rd_test,42,LSTM-Autoencoder,lstm_ae,aggregate,10,500.0,2004-04-16 20:42:00,2004-04-18 02:42:00,30.0,420.18333333333334,,100.0,14.006111111111112,0.0,100.0,False,51,10,3,False,True,terminal,pca1,"invariant (controlled, D-2)"
IMS,3rd_test,42,TCN-Autoencoder,tcn,aggregate,10,500.0,2004-04-16 20:42:00,2004-04-18 02:42:00,30.0,420.18333333333334,,100.0,14.006111111111112,0.0,100.0,False,51,10,3,False,True,terminal,pca1,"invariant (controlled, D-2)"
IMS,3rd_test,42,Transformer-AD,transformer_ad,aggregate,10,500.0,2004-04-16 20:42:00,2004-04-18 02:42:00,30.0,420.18333333333334,,100.0,14.006111111111112,0.0,100.0,False,51,10,3,False,True,terminal,pca1,"invariant (controlled, D-2)"
IMS,3rd_test,42,RMS-Trend (kσ),rms_trend,aggregate,20,1000.0,2004-04-16 20:42:00,2004-04-18 02:42:00,30.0,0.0,,0.0,0.0,0.0,0.0,False,26,10,3,False,True,terminal,pca1,"invariant (controlled, D-2)"
IMS,3rd_test,42,3σ Rule (σ=3.0),three_sigma,aggregate,20,1000.0,2004-04-16 20:42:00,2004-04-18 02:42:00,30.0,37.166666666666664,,4.3478260869565215,1.2388888888888887,37.166666666666664,0.0,True,26,10,3,False,True,terminal,pca1,"invariant (controlled, D-2)"
IMS,3rd_test,42,"EWMA (λ=0.2, k=3.0)",ewma,aggregate,20,1000.0,2004-04-16 20:42:00,2004-04-18 02:42:00,30.0,20.5,9.5,0.0,0.6833333333333333,20.5,0.0,True,26,10,3,False,True,terminal,pca1,"invariant (controlled, D-2)"
IMS,3rd_test,42,"CUSUM (k=0.5, h=5.0)",cusum,aggregate,20,1000.0,2004-04-16 20:42:00,2004-04-18 02:42:00,30.0,20.5,9.5,0.0,0.6833333333333333,20.5,0.0,True,26,10,3,False,True,terminal,pca1,"invariant (controlled, D-2)"
IMS,3rd_test,42,Hotelling T²,hotelling_t2,aggregate,20,1000.0,2004-04-16 20:42:00,2004-04-18 02:42:00,30.0,327.51666666666665,,52.17391304347826,10.917222222222222,327.51666666666665,0.0,False,26,10,3,False,True,terminal,pca1,"invariant (controlled, D-2)"
IMS,3rd_test,42,Isolation Forest,isolation_forest,aggregate,20,1000.0,2004-04-16 20:42:00,2004-04-18 02:42:00,30.0,20.5,9.5,0.0,0.6833333333333333,20.5,0.0,True,26,10,3,False,True,terminal,pca1,"invariant (controlled, D-2)"
IMS,3rd_test,42,Deep SVDD,deep_svdd,aggregate,20,1000.0,2004-04-16 20:42:00,2004-04-18 02:42:00,30.0,0.0,,0.0,0.0,0.0,0.0,False,26,10,3,False,True,terminal,pca1,"invariant (controlled, D-2)"
IMS,3rd_test,42,LSTM-Autoencoder,lstm_ae,aggregate,20,1000.0,2004-04-16 20:42:00,2004-04-18 02:42:00,30.0,,,,,,,False,26,10,3,False,True,terminal,pca1,"invariant (controlled, D-2)"
IMS,3rd_test,42,TCN-Autoencoder,tcn,aggregate,20,1000.0,2004-04-16 20:42:00,2004-04-18 02:42:00,30.0,,,,,,,False,26,10,3,False,True,terminal,pca1,"invariant (controlled, D-2)"
IMS,3rd_test,42,Transformer-AD,transformer_ad,aggregate,20,1000.0,2004-04-16 20:42:00,2004-04-18 02:42:00,30.0,,,,,,,False,26,10,3,False,True,terminal,pca1,"invariant (controlled, D-2)"
IMS,3rd_test,42,RMS-Trend (kσ),rms_trend,decimate,1,50.0,2004-04-16 20:42:00,2004-04-18 02:42:00,30.0,9.666666666666666,20.333333333333332,0.0,0.3222222222222222,9.666666666666666,0.0,True,506,10,3,False,True,terminal,pca1,"invariant (controlled, D-2)"
IMS,3rd_test,42,3σ Rule (σ=3.0),three_sigma,decimate,1,50.0,2004-04-16 20:42:00,2004-04-18 02:42:00,30.0,28.833333333333332,1.1666666666666667,0.0,0.961111111111111,28.833333333333332,0.0,True,506,10,3,False,True,terminal,pca1,"invariant (controlled, D-2)"
IMS,3rd_test,42,"EWMA (λ=0.2, k=3.0)",ewma,decimate,1,50.0,2004-04-16 20:42:00,2004-04-18 02:42:00,30.0,28.0,2.0,0.0,0.9333333333333333,28.0,0.0,True,506,10,3,False,True,terminal,pca1,"invariant (controlled, D-2)"
IMS,3rd_test,42,"CUSUM (k=0.5, h=5.0)",cusum,decimate,1,50.0,2004-04-16 20:42:00,2004-04-18 02:42:00,30.0,26.333333333333332,3.6666666666666665,0.0,0.8777777777777778,26.333333333333332,0.0,True,506,10,3,False,True,terminal,pca1,"invariant (controlled, D-2)"
IMS,3rd_test,42,Hotelling T²,hotelling_t2,decimate,1,50.0,2004-04-16 20:42:00,2004-04-18 02:42:00,30.0,315.85,,8.280254777070063,10.528333333333334,315.85,0.0,True,506,10,3,False,True,terminal,pca1,"invariant (controlled, D-2)"
IMS,3rd_test,42,Isolation Forest,isolation_forest,decimate,1,50.0,2004-04-16 20:42:00,2004-04-18 02:42:00,30.0,59.666666666666664,,0.8492569002123143,1.9888888888888887,59.666666666666664,0.0,True,506,10,3,False,True,terminal,pca1,"invariant (controlled, D-2)"
IMS,3rd_test,42,Deep SVDD,deep_svdd,decimate,1,50.0,2004-04-16 20:42:00,2004-04-18 02:42:00,30.0,10.5,19.5,0.0,0.35,10.5,0.0,True,506,10,3,False,True,terminal,pca1,"invariant (controlled, D-2)"
IMS,3rd_test,42,LSTM-Autoencoder,lstm_ae,decimate,1,50.0,2004-04-16 20:42:00,2004-04-18 02:42:00,30.0,331.68333333333334,,62.42038216560509,11.056111111111111,331.68333333333334,0.0,False,506,10,3,False,True,terminal,pca1,"invariant (controlled, D-2)"
IMS,3rd_test,42,TCN-Autoencoder,tcn,decimate,1,50.0,2004-04-16 20:42:00,2004-04-18 02:42:00,30.0,330.85,,62.63269639065817,11.028333333333334,330.85,0.0,False,506,10,3,False,True,terminal,pca1,"invariant (controlled, D-2)"
IMS,3rd_test,42,Transformer-AD,transformer_ad,decimate,1,50.0,2004-04-16 20:42:00,2004-04-18 02:42:00,30.0,330.85,,62.20806794055201,11.028333333333334,330.85,0.0,False,506,10,3,False,True,terminal,pca1,"invariant (controlled, D-2)"
IMS,3rd_test,42,RMS-Trend (kσ),rms_trend,decimate,2,100.0,2004-04-16 20:42:00,2004-04-18 02:42:00,30.0,0.0,,0.0,0.0,0.0,0.0,False,253,10,3,False,True,terminal,pca1,"invariant (controlled, D-2)"
IMS,3rd_test,42,3σ Rule (σ=3.0),three_sigma,decimate,2,100.0,2004-04-16 20:42:00,2004-04-18 02:42:00,30.0,28.0,2.0,0.0,0.9333333333333333,28.0,0.0,True,253,10,3,False,True,terminal,pca1,"invariant (controlled, D-2)"
IMS,3rd_test,42,"EWMA (λ=0.2, k=3.0)",ewma,decimate,2,100.0,2004-04-16 20:42:00,2004-04-18 02:42:00,30.0,26.333333333333332,3.6666666666666665,0.0,0.8777777777777778,26.333333333333332,0.0,True,253,10,3,False,True,terminal,pca1,"invariant (controlled, D-2)"
IMS,3rd_test,42,"CUSUM (k=0.5, h=5.0)",cusum,decimate,2,100.0,2004-04-16 20:42:00,2004-04-18 02:42:00,30.0,26.333333333333332,3.6666666666666665,0.0,0.8777777777777778,26.333333333333332,0.0,True,253,10,3,False,True,terminal,pca1,"invariant (controlled, D-2)"
IMS,3rd_test,42,Hotelling T²,hotelling_t2,decimate,2,100.0,2004-04-16 20:42:00,2004-04-18 02:42:00,30.0,59.666666666666664,,7.659574468085106,1.9888888888888887,59.666666666666664,0.0,True,253,10,3,False,True,terminal,pca1,"invariant (controlled, D-2)"
IMS,3rd_test,42,Isolation Forest,isolation_forest,decimate,2,100.0,2004-04-16 20:42:00,2004-04-18 02:42:00,30.0,29.666666666666668,0.3333333333333333,0.0,0.9888888888888889,29.666666666666668,0.0,True,253,10,3,False,True,terminal,pca1,"invariant (controlled, D-2)"
IMS,3rd_test,42,Deep SVDD,deep_svdd,decimate,2,100.0,2004-04-16 20:42:00,2004-04-18 02:42:00,30.0,0.0,,0.0,0.0,0.0,0.0,False,253,10,3,False,True,terminal,pca1,"invariant (controlled, D-2)"
IMS,3rd_test,42,LSTM-Autoencoder,lstm_ae,decimate,2,100.0,2004-04-16 20:42:00,2004-04-18 02:42:00,30.0,325.01666666666665,,64.25531914893618,10.833888888888888,325.01666666666665,0.0,False,253,10,3,False,True,terminal,pca1,"invariant (controlled, D-2)"
IMS,3rd_test,42,TCN-Autoencoder,tcn,decimate,2,100.0,2004-04-16 20:42:00,2004-04-18 02:42:00,30.0,325.01666666666665,,65.1063829787234,10.833888888888888,325.01666666666665,0.0,False,253,10,3,False,True,terminal,pca1,"invariant (controlled, D-2)"
IMS,3rd_test,42,Transformer-AD,transformer_ad,decimate,2,100.0,2004-04-16 20:42:00,2004-04-18 02:42:00,30.0,313.35,,56.17021276595745,10.445,313.35,0.0,False,253,10,3,False,True,terminal,pca1,"invariant (controlled, D-2)"
IMS,3rd_test,42,RMS-Trend (kσ),rms_trend,decimate,5,250.0,2004-04-16 20:42:00,2004-04-18 02:42:00,30.0,0.0,,0.0,0.0,0.0,0.0,False,102,10,3,False,True,terminal,pca1,"invariant (controlled, D-2)"
IMS,3rd_test,42,3σ Rule (σ=3.0),three_sigma,decimate,5,250.0,2004-04-16 20:42:00,2004-04-18 02:42:00,30.0,32.166666666666664,,1.0526315789473684,1.0722222222222222,32.166666666666664,0.0,True,102,10,3,False,True,terminal,pca1,"invariant (controlled, D-2)"
IMS,3rd_test,42,"EWMA (λ=0.2, k=3.0)",ewma,decimate,5,250.0,2004-04-16 20:42:00,2004-04-18 02:42:00,30.0,28.0,2.0,0.0,0.9333333333333333,28.0,0.0,True,102,10,3,False,True,terminal,pca1,"invariant (controlled, D-2)"
IMS,3rd_test,42,"CUSUM (k=0.5, h=5.0)",cusum,decimate,5,250.0,2004-04-16 20:42:00,2004-04-18 02:42:00,30.0,23.833333333333332,6.166666666666667,0.0,0.7944444444444444,23.833333333333332,0.0,True,102,10,3,False,True,terminal,pca1,"invariant (controlled, D-2)"
IMS,3rd_test,42,Hotelling T²,hotelling_t2,decimate,5,250.0,2004-04-16 20:42:00,2004-04-18 02:42:00,30.0,57.166666666666664,,7.368421052631578,1.9055555555555554,57.166666666666664,0.0,True,102,10,3,False,True,terminal,pca1,"invariant (controlled, D-2)"
IMS,3rd_test,42,Isolation Forest,isolation_forest,decimate,5,250.0,2004-04-16 20:42:00,2004-04-18 02:42:00,30.0,28.0,2.0,0.0,0.9333333333333333,28.0,0.0,True,102,10,3,False,True,terminal,pca1,"invariant (controlled, D-2)"
IMS,3rd_test,42,Deep SVDD,deep_svdd,decimate,5,250.0,2004-04-16 20:42:00,2004-04-18 02:42:00,30.0,0.0,,0.0,0.0,0.0,0.0,False,102,10,3,False,True,terminal,pca1,"invariant (controlled, D-2)"
IMS,3rd_test,42,LSTM-Autoencoder,lstm_ae,decimate,5,250.0,2004-04-16 20:42:00,2004-04-18 02:42:00,30.0,310.01666666666665,,60.0,10.333888888888888,310.01666666666665,0.0,False,102,10,3,False,True,terminal,pca1,"invariant (controlled, D-2)"
IMS,3rd_test,42,TCN-Autoencoder,tcn,decimate,5,250.0,2004-04-16 20:42:00,2004-04-18 02:42:00,30.0,310.01666666666665,,62.10526315789474,10.333888888888888,310.01666666666665,0.0,False,102,10,3,False,True,terminal,pca1,"invariant (controlled, D-2)"
IMS,3rd_test,42,Transformer-AD,transformer_ad,decimate,5,250.0,2004-04-16 20:42:00,2004-04-18 02:42:00,30.0,126.68333333333334,,23.157894736842106,4.222777777777778,126.68333333333334,0.0,False,102,10,3,False,True,terminal,pca1,"invariant (controlled, D-2)"
IMS,3rd_test,42,RMS-Trend (kσ),rms_trend,decimate,10,500.0,2004-04-16 20:42:00,2004-04-18 02:42:00,30.0,0.0,,0.0,0.0,0.0,0.0,False,51,10,3,False,True,terminal,pca1,"invariant (controlled, D-2)"
IMS,3rd_test,42,3σ Rule (σ=3.0),three_sigma,decimate,10,500.0,2004-04-16 20:42:00,2004-04-18 02:42:00,30.0,28.0,2.0,0.0,0.9333333333333333,28.0,0.0,True,51,10,3,False,True,terminal,pca1,"invariant (controlled, D-2)"
IMS,3rd_test,42,"EWMA (λ=0.2, k=3.0)",ewma,decimate,10,500.0,2004-04-16 20:42:00,2004-04-18 02:42:00,30.0,28.0,2.0,0.0,0.9333333333333333,28.0,0.0,True,51,10,3,False,True,terminal,pca1,"invariant (controlled, D-2)"
IMS,3rd_test,42,"CUSUM (k=0.5, h=5.0)",cusum,decimate,10,500.0,2004-04-16 20:42:00,2004-04-18 02:42:00,30.0,19.666666666666668,10.333333333333334,0.0,0.6555555555555556,19.666666666666668,0.0,True,51,10,3,False,True,terminal,pca1,"invariant (controlled, D-2)"
IMS,3rd_test,42,Hotelling T²,hotelling_t2,decimate,10,500.0,2004-04-16 20:42:00,2004-04-18 02:42:00,30.0,53.0,,6.382978723404255,1.7666666666666666,53.0,0.0,True,51,10,3,False,True,terminal,pca1,"invariant (controlled, D-2)"
IMS,3rd_test,42,Isolation Forest,isolation_forest,decimate,10,500.0,2004-04-16 20:42:00,2004-04-18 02:42:00,30.0,19.666666666666668,10.333333333333334,0.0,0.6555555555555556,19.666666666666668,0.0,True,51,10,3,False,True,terminal,pca1,"invariant (controlled, D-2)"
IMS,3rd_test,42,Deep SVDD,deep_svdd,decimate,10,500.0,2004-04-16 20:42:00,2004-04-18 02:42:00,30.0,0.0,,0.0,0.0,0.0,0.0,False,51,10,3,False,True,terminal,pca1,"invariant (controlled, D-2)"
IMS,3rd_test,42,LSTM-Autoencoder,lstm_ae,decimate,10,500.0,2004-04-16 20:42:00,2004-04-18 02:42:00,30.0,168.35,,34.04255319148936,5.611666666666666,168.35,0.0,False,51,10,3,False,True,terminal,pca1,"invariant (controlled, D-2)"
IMS,3rd_test,42,TCN-Autoencoder,tcn,decimate,10,500.0,2004-04-16 20:42:00,2004-04-18 02:42:00,30.0,427.68333333333334,,100.0,14.256111111111112,0.0,100.0,False,51,10,3,False,True,terminal,pca1,"invariant (controlled, D-2)"
IMS,3rd_test,42,Transformer-AD,transformer_ad,decimate,10,500.0,2004-04-16 20:42:00,2004-04-18 02:42:00,30.0,168.35,,34.04255319148936,5.611666666666666,168.35,0.0,False,51,10,3,False,True,terminal,pca1,"invariant (controlled, D-2)"
IMS,3rd_test,42,RMS-Trend (kσ),rms_trend,decimate,20,1000.0,2004-04-16 20:42:00,2004-04-18 02:42:00,30.0,0.0,,0.0,0.0,0.0,0.0,False,26,10,3,False,True,terminal,pca1,"invariant (controlled, D-2)"
IMS,3rd_test,42,3σ Rule (σ=3.0),three_sigma,decimate,20,1000.0,2004-04-16 20:42:00,2004-04-18 02:42:00,30.0,53.0,,8.333333333333332,1.7666666666666666,53.0,0.0,True,26,10,3,False,True,terminal,pca1,"invariant (controlled, D-2)"
IMS,3rd_test,42,"EWMA (λ=0.2, k=3.0)",ewma,decimate,20,1000.0,2004-04-16 20:42:00,2004-04-18 02:42:00,30.0,0.0,,0.0,0.0,0.0,0.0,False,26,10,3,False,True,terminal,pca1,"invariant (controlled, D-2)"
IMS,3rd_test,42,"CUSUM (k=0.5, h=5.0)",cusum,decimate,20,1000.0,2004-04-16 20:42:00,2004-04-18 02:42:00,30.0,0.0,,0.0,0.0,0.0,0.0,False,26,10,3,False,True,terminal,pca1,"invariant (controlled, D-2)"
IMS,3rd_test,42,Hotelling T²,hotelling_t2,decimate,20,1000.0,2004-04-16 20:42:00,2004-04-18 02:42:00,30.0,176.68333333333334,,33.33333333333333,5.889444444444445,176.68333333333334,0.0,False,26,10,3,False,True,terminal,pca1,"invariant (controlled, D-2)"
IMS,3rd_test,42,Isolation Forest,isolation_forest,decimate,20,1000.0,2004-04-16 20:42:00,2004-04-18 02:42:00,30.0,0.0,,0.0,0.0,0.0,0.0,False,26,10,3,False,True,terminal,pca1,"invariant (controlled, D-2)"
IMS,3rd_test,42,Deep SVDD,deep_svdd,decimate,20,1000.0,2004-04-16 20:42:00,2004-04-18 02:42:00,30.0,0.0,,0.0,0.0,0.0,0.0,False,26,10,3,False,True,terminal,pca1,"invariant (controlled, D-2)"
IMS,3rd_test,42,LSTM-Autoencoder,lstm_ae,decimate,20,1000.0,2004-04-16 20:42:00,2004-04-18 02:42:00,30.0,,,,,,,False,26,10,3,False,True,terminal,pca1,"invariant (controlled, D-2)"
IMS,3rd_test,42,TCN-Autoencoder,tcn,decimate,20,1000.0,2004-04-16 20:42:00,2004-04-18 02:42:00,30.0,,,,,,,False,26,10,3,False,True,terminal,pca1,"invariant (controlled, D-2)"
IMS,3rd_test,42,Transformer-AD,transformer_ad,decimate,20,1000.0,2004-04-16 20:42:00,2004-04-18 02:42:00,30.0,,,,,,,False,26,10,3,False,True,terminal,pca1,"invariant (controlled, D-2)"
IMS,1st_test,42,One-Class SVM (nu=0.05),one_class_svm,aggregate,1,50.0,2003-11-25 12:57:00,2003-11-25 23:39:56,10.72,158.56555555555556,,83.33333333333334,14.797698050601412,158.56555555555556,0.0,False,172,10,3,False,True,terminal,pca1,"invariant (controlled, D-2)"
IMS,1st_test,42,One-Class SVM (nu=0.05),one_class_svm,aggregate,2,100.0,2003-11-25 12:57:00,2003-11-25 23:39:56,10.72,156.39888888888888,,83.33333333333334,14.59549979261717,156.39888888888888,0.0,False,86,10,3,False,True,terminal,pca1,"invariant (controlled, D-2)"
IMS,1st_test,42,One-Class SVM (nu=0.05),one_class_svm,aggregate,5,250.0,2003-11-25 12:57:00,2003-11-25 23:39:56,10.72,190.63222222222223,,91.17647058823529,17.790232268768147,0.0,50.0,False,35,10,3,False,True,terminal,pca1,"invariant (controlled, D-2)"
IMS,1st_test,42,One-Class SVM (nu=0.05),one_class_svm,aggregate,10,500.0,2003-11-25 12:57:00,2003-11-25 23:39:56,10.72,154.73222222222222,,82.35294117647058,14.439962671090834,154.73222222222222,0.0,False,18,10,3,False,True,terminal,pca1,"invariant (controlled, D-2)"
IMS,1st_test,42,One-Class SVM (nu=0.05),one_class_svm,aggregate,20,1160.0,2003-11-25 12:57:00,2003-11-25 23:39:56,10.72,178.13222222222223,,100.0,16.623703857320614,0.0,100.0,False,9,10,3,False,True,terminal,pca1,"invariant (controlled, D-2)"
IMS,1st_test,42,One-Class SVM (nu=0.05),one_class_svm,decimate,1,50.0,2003-11-25 12:57:00,2003-11-25 23:39:56,10.72,158.56555555555556,,83.33333333333334,14.797698050601412,158.56555555555556,0.0,False,172,10,3,False,True,terminal,pca1,"invariant (controlled, D-2)"
IMS,1st_test,42,One-Class SVM (nu=0.05),one_class_svm,decimate,2,100.0,2003-11-25 12:57:00,2003-11-25 23:39:56,10.72,158.56555555555556,,83.33333333333334,14.797698050601412,158.56555555555556,0.0,False,86,10,3,False,True,terminal,pca1,"invariant (controlled, D-2)"
IMS,1st_test,42,One-Class SVM (nu=0.05),one_class_svm,decimate,5,250.0,2003-11-25 12:57:00,2003-11-25 23:39:56,10.72,153.89888888888888,,80.0,14.362194110327664,153.89888888888888,0.0,False,35,10,3,False,True,terminal,pca1,"invariant (controlled, D-2)"
IMS,1st_test,42,One-Class SVM (nu=0.05),one_class_svm,decimate,10,500.0,2003-11-25 12:57:00,2003-11-25 23:39:56,10.72,202.29888888888888,,100.0,18.87899211945251,0.0,100.0,False,18,10,3,False,True,terminal,pca1,"invariant (controlled, D-2)"
IMS,1st_test,42,One-Class SVM (nu=0.05),one_class_svm,decimate,20,1160.0,2003-11-25 12:57:00,2003-11-25 23:39:56,10.72,177.29888888888888,,88.88888888888889,16.545935296557445,177.29888888888888,0.0,False,9,10,3,False,True,terminal,pca1,"invariant (controlled, D-2)"
IMS,2nd_test,42,One-Class SVM (nu=0.05),one_class_svm,aggregate,1,50.0,2004-02-18 03:32:00,2004-02-19 06:22:00,26.83,65.5,,100.0,2.440993788819876,0.0,100.0,False,78,10,3,False,True,terminal,pca1,"invariant (controlled, D-2)"
IMS,2nd_test,42,One-Class SVM (nu=0.05),one_class_svm,aggregate,2,100.0,2004-02-18 03:32:00,2004-02-19 06:22:00,26.83,65.5,,100.0,2.440993788819876,0.0,100.0,False,40,10,3,False,True,terminal,pca1,"invariant (controlled, D-2)"
IMS,2nd_test,42,One-Class SVM (nu=0.05),one_class_svm,aggregate,5,250.0,2004-02-18 03:32:00,2004-02-19 06:22:00,26.83,63.833333333333336,,100.0,2.37888198757764,0.0,100.0,False,16,10,3,False,True,terminal,pca1,"invariant (controlled, D-2)"
IMS,2nd_test,42,One-Class SVM (nu=0.05),one_class_svm,aggregate,10,500.0,2004-02-18 03:32:00,2004-02-19 06:22:00,26.83,55.5,,100.0,2.06832298136646,0.0,100.0,False,8,10,3,False,True,terminal,pca1,"invariant (controlled, D-2)"
IMS,2nd_test,42,One-Class SVM (nu=0.05),one_class_svm,aggregate,20,1000.0,2004-02-18 03:32:00,2004-02-19 06:22:00,26.83,47.166666666666664,,100.0,1.7577639751552796,0.0,100.0,False,4,10,3,False,True,terminal,pca1,"invariant (controlled, D-2)"
IMS,2nd_test,42,One-Class SVM (nu=0.05),one_class_svm,decimate,1,50.0,2004-02-18 03:32:00,2004-02-19 06:22:00,26.83,65.5,,100.0,2.440993788819876,0.0,100.0,False,78,10,3,False,True,terminal,pca1,"invariant (controlled, D-2)"
IMS,2nd_test,42,One-Class SVM (nu=0.05),one_class_svm,decimate,2,100.0,2004-02-18 03:32:00,2004-02-19 06:22:00,26.83,66.33333333333333,,100.0,2.472049689440994,0.0,100.0,False,40,10,3,False,True,terminal,pca1,"invariant (controlled, D-2)"
IMS,2nd_test,42,One-Class SVM (nu=0.05),one_class_svm,decimate,5,250.0,2004-02-18 03:32:00,2004-02-19 06:22:00,26.83,67.16666666666667,,100.0,2.503105590062112,0.0,100.0,False,16,10,3,False,True,terminal,pca1,"invariant (controlled, D-2)"
IMS,2nd_test,42,One-Class SVM (nu=0.05),one_class_svm,decimate,10,500.0,2004-02-18 03:32:00,2004-02-19 06:22:00,26.83,63.0,,100.0,2.347826086956522,0.0,100.0,False,8,10,3,False,True,terminal,pca1,"invariant (controlled, D-2)"
IMS,2nd_test,42,One-Class SVM (nu=0.05),one_class_svm,decimate,20,1000.0,2004-02-18 03:32:00,2004-02-19 06:22:00,26.83,63.0,,100.0,2.347826086956522,0.0,100.0,False,4,10,3,False,True,terminal,pca1,"invariant (controlled, D-2)"
IMS,3rd_test,42,One-Class SVM (nu=0.05),one_class_svm,aggregate,1,50.0,2004-04-16 20:42:00,2004-04-18 02:42:00,30.0,316.68333333333334,,9.978768577494693,10.556111111111111,316.68333333333334,0.0,True,506,10,3,False,True,terminal,pca1,"invariant (controlled, D-2)"
IMS,3rd_test,42,One-Class SVM (nu=0.05),one_class_svm,aggregate,2,100.0,2004-04-16 20:42:00,2004-04-18 02:42:00,30.0,315.85,,10.638297872340425,10.528333333333334,315.85,0.0,False,253,10,3,False,True,terminal,pca1,"invariant (controlled, D-2)"
IMS,3rd_test,42,One-Class SVM (nu=0.05),one_class_svm,aggregate,5,250.0,2004-04-16 20:42:00,2004-04-18 02:42:00,30.0,341.01666666666665,,39.361702127659576,11.367222222222221,341.01666666666665,0.0,False,102,10,3,False,True,terminal,pca1,"invariant (controlled, D-2)"
IMS,3rd_test,42,One-Class SVM (nu=0.05),one_class_svm,aggregate,10,500.0,2004-04-16 20:42:00,2004-04-18 02:42:00,30.0,395.18333333333334,,89.13043478260869,13.172777777777778,395.18333333333334,0.0,False,51,10,3,False,True,terminal,pca1,"invariant (controlled, D-2)"
IMS,3rd_test,42,One-Class SVM (nu=0.05),one_class_svm,aggregate,20,1000.0,2004-04-16 20:42:00,2004-04-18 02:42:00,30.0,327.51666666666665,,73.91304347826086,10.917222222222222,327.51666666666665,0.0,False,26,10,3,False,True,terminal,pca1,"invariant (controlled, D-2)"
IMS,3rd_test,42,One-Class SVM (nu=0.05),one_class_svm,decimate,1,50.0,2004-04-16 20:42:00,2004-04-18 02:42:00,30.0,316.68333333333334,,9.978768577494693,10.556111111111111,316.68333333333334,0.0,True,506,10,3,False,True,terminal,pca1,"invariant (controlled, D-2)"
IMS,3rd_test,42,One-Class SVM (nu=0.05),one_class_svm,decimate,2,100.0,2004-04-16 20:42:00,2004-04-18 02:42:00,30.0,320.01666666666665,,9.787234042553191,10.667222222222222,320.01666666666665,0.0,True,253,10,3,False,True,terminal,pca1,"invariant (controlled, D-2)"
IMS,3rd_test,42,One-Class SVM (nu=0.05),one_class_svm,decimate,5,250.0,2004-04-16 20:42:00,2004-04-18 02:42:00,30.0,322.51666666666665,,20.0,10.750555555555556,322.51666666666665,0.0,False,102,10,3,False,True,terminal,pca1,"invariant (controlled, D-2)"
IMS,3rd_test,42,One-Class SVM (nu=0.05),one_class_svm,decimate,10,500.0,2004-04-16 20:42:00,2004-04-18 02:42:00,30.0,318.35,,55.319148936170215,10.611666666666668,318.35,0.0,False,51,10,3,False,True,terminal,pca1,"invariant (controlled, D-2)"
IMS,3rd_test,42,One-Class SVM (nu=0.05),one_class_svm,decimate,20,1000.0,2004-04-16 20:42:00,2004-04-18 02:42:00,30.0,411.01666666666665,,75.0,13.700555555555555,0.0,50.0,False,26,10,3,False,True,terminal,pca1,"invariant (controlled, D-2)"
