dataset,method,n_runs,n_pos,n_neg,n_zero,n_effective,attainable_one_sided_floor,tost_feasible,median_diff_h,p_lower,n_eff_lower,p_upper,n_eff_upper,p_tost,tost_equivalent
"IMS (published, legacy 445-dim)",3σ Rule (σ=3.0),3,3,0,0,3,0.125,False,18.43333333333333,,,,,,
"IMS (published, legacy 445-dim)","CUSUM (k=0.5, h=5.0)",3,3,0,0,3,0.125,False,5.433333333333334,,,,,,
"IMS (published, legacy 445-dim)",Deep SVDD,3,2,0,1,2,0.25,False,1.766666666666667,,,,,,
"IMS (published, legacy 445-dim)","EWMA (λ=0.2, k=3.0)",3,3,0,0,3,0.125,False,5.766666666666666,,,,,,
"IMS (published, legacy 445-dim)",Hotelling T²,3,3,0,0,3,0.125,False,4.600000000000001,,,,,,
"IMS (published, legacy 445-dim)",Isolation Forest,3,3,0,0,3,0.125,False,12.2,,,,,,
"IMS (published, legacy 445-dim)",LSTM-Autoencoder,3,0,3,0,3,0.125,False,-1.3888888888889142,,,,,,
"IMS (published, legacy 445-dim)",RMS-Trend (kσ),3,1,1,1,2,0.25,False,0.0,,,,,,
"IMS (published, legacy 445-dim)",TCN-Autoencoder,3,0,3,0,3,0.125,False,-0.4166666666666572,,,,,,
"IMS (published, legacy 445-dim)",Transformer-AD,3,0,3,0,3,0.125,False,-1.3888888888889142,,,,,,
"IMS (invariant re-baseline, D-2)",3σ Rule (σ=3.0),3,2,1,0,3,0.125,False,15.099999999999994,,,,,,
"IMS (invariant re-baseline, D-2)","CUSUM (k=0.5, h=5.0)",3,3,0,0,3,0.125,False,4.266666666666669,,,,,,
"IMS (invariant re-baseline, D-2)",Deep SVDD,3,1,0,2,1,0.5,False,0.0,,,,,,
"IMS (invariant re-baseline, D-2)","EWMA (λ=0.2, k=3.0)",3,2,1,0,3,0.125,False,2.1000000000000014,,,,,,
"IMS (invariant re-baseline, D-2)",Hotelling T²,3,3,0,0,3,0.125,False,1.1666666666666643,,,,,,
"IMS (invariant re-baseline, D-2)",Isolation Forest,3,2,1,0,3,0.125,False,3.4333333333333336,,,,,,
"IMS (invariant re-baseline, D-2)",LSTM-Autoencoder,3,1,2,0,3,0.125,False,-0.4166666666666572,,,,,,
"IMS (invariant re-baseline, D-2)",RMS-Trend (kσ),3,1,1,1,2,0.25,False,0.0,,,,,,
"IMS (invariant re-baseline, D-2)",TCN-Autoencoder,3,1,2,0,3,0.125,False,-0.4166666666666572,,,,,,
"IMS (invariant re-baseline, D-2)",Transformer-AD,3,1,2,0,3,0.125,False,-0.4166666666666572,,,,,,
XJTU-SY,3σ Rule (σ=3.0),10,3,1,6,4,0.0625,False,0.0,,,,,,
XJTU-SY,"CUSUM (k=0.5, h=5.0)",10,1,2,7,3,0.125,False,0.0,,,,,,
XJTU-SY,Deep SVDD,10,3,2,5,5,0.03125,True,0.0,0.0009765625,10.0,0.0009765625,10.0,0.0009765625,True
XJTU-SY,"EWMA (λ=0.2, k=3.0)",10,2,2,6,4,0.0625,False,0.0,,,,,,
XJTU-SY,Hotelling T²,10,2,0,8,2,0.25,False,0.0,,,,,,
XJTU-SY,Isolation Forest,10,2,7,1,9,0.001953125,True,-0.10277777777777772,0.0009765625,10.0,0.0009765625,10.0,0.0009765625,True
XJTU-SY,LSTM-Autoencoder,3,1,0,2,1,0.5,False,0.0,,,,,,
XJTU-SY,RMS-Trend (kσ),10,2,2,6,4,0.0625,False,0.0,,,,,,
XJTU-SY,TCN-Autoencoder,3,0,0,3,0,1.0,False,0.0,,,,,,
XJTU-SY,Transformer-AD,3,0,0,3,0,1.0,False,0.0,,,,,,
FEMTO,3σ Rule (σ=3.0),6,1,5,0,6,0.015625,True,-0.09861111111111118,0.015625,6.0,0.015625,6.0,0.015625,True
FEMTO,"CUSUM (k=0.5, h=5.0)",6,3,3,0,6,0.015625,True,0.0013888888888889117,0.015625,6.0,0.015625,6.0,0.015625,True
FEMTO,Deep SVDD,6,3,3,0,6,0.015625,True,-0.0033333333333333288,0.015625,6.0,0.015625,6.0,0.015625,True
FEMTO,"EWMA (λ=0.2, k=3.0)",6,3,3,0,6,0.015625,True,0.008333333333333345,0.015625,6.0,0.015625,6.0,0.015625,True
FEMTO,Hotelling T²,6,5,1,0,6,0.015625,True,0.06944444444444448,0.015625,6.0,0.015625,6.0,0.015625,True
FEMTO,Isolation Forest,6,0,6,0,6,0.015625,True,-0.1366666666666666,0.015625,6.0,0.015625,6.0,0.015625,True
FEMTO,LSTM-Autoencoder,6,2,4,0,6,0.015625,True,-0.04902777777777778,0.015625,6.0,0.015625,6.0,0.015625,True
FEMTO,RMS-Trend (kσ),6,2,4,0,6,0.015625,True,-0.025000000000000012,0.015625,6.0,0.015625,6.0,0.015625,True
FEMTO,TCN-Autoencoder,6,3,3,0,6,0.015625,True,0.0011111111111112293,0.015625,6.0,0.015625,6.0,0.015625,True
FEMTO,Transformer-AD,6,5,1,0,6,0.015625,True,0.041250000000000064,0.015625,6.0,0.015625,6.0,0.015625,True
Ferrara,3σ Rule (σ=3.0),6,3,3,0,6,0.015625,True,-0.021111111111111164,0.015625,6.0,0.015625,6.0,0.015625,True
Ferrara,"CUSUM (k=0.5, h=5.0)",6,4,2,0,6,0.015625,True,0.011111111111111134,0.015625,6.0,0.015625,6.0,0.015625,True
Ferrara,Deep SVDD,6,2,4,0,6,0.015625,True,-0.00555555555555555,0.015625,6.0,0.015625,6.0,0.015625,True
Ferrara,"EWMA (λ=0.2, k=3.0)",6,3,3,0,6,0.015625,True,0.007083333333333358,0.109375,6.0,0.015625,6.0,0.109375,False
Ferrara,Hotelling T²,6,5,1,0,6,0.015625,True,0.04555555555555557,0.109375,6.0,0.015625,6.0,0.109375,False
Ferrara,Isolation Forest,6,2,4,0,6,0.015625,True,-0.07527777777777775,0.109375,6.0,0.015625,6.0,0.109375,False
Ferrara,LSTM-Autoencoder,6,4,2,0,6,0.015625,True,0.0033333333333333062,0.109375,6.0,0.015625,6.0,0.109375,False
Ferrara,RMS-Trend (kσ),6,3,3,0,6,0.015625,True,-0.0030555555555555475,0.015625,6.0,0.015625,6.0,0.015625,True
Ferrara,TCN-Autoencoder,6,4,2,0,6,0.015625,True,0.0033333333333333062,0.015625,6.0,0.015625,6.0,0.015625,True
Ferrara,Transformer-AD,6,4,2,0,6,0.015625,True,0.0033333333333333062,0.109375,6.0,0.015625,6.0,0.109375,False
ONGC,3σ Rule (σ=3.0),1,1,0,0,1,0.5,False,0.01055555555555543,,,,,,
ONGC,"CUSUM (k=0.5, h=5.0)",1,0,1,0,1,0.5,False,-0.017055555555558044,,,,,,
ONGC,Deep SVDD,1,1,0,0,1,0.5,False,0.00333333333333332,,,,,,
ONGC,"EWMA (λ=0.2, k=3.0)",1,0,1,0,1,0.5,False,-0.018777777777778226,,,,,,
ONGC,Hotelling T²,1,1,0,0,1,0.5,False,2.4057222222222236,,,,,,
ONGC,Isolation Forest,1,1,0,0,1,0.5,False,0.12127777777777737,,,,,,
ONGC,LSTM-Autoencoder,1,0,1,0,1,0.5,False,-0.26322222222222535,,,,,,
ONGC,RMS-Trend (kσ),1,1,0,0,1,0.5,False,0.0007222222222225128,,,,,,
ONGC,TCN-Autoencoder,1,0,1,0,1,0.5,False,-0.13438888888889267,,,,,,
ONGC,Transformer-AD,1,0,1,0,1,0.5,False,-0.005555555555559977,,,,,,
